Episode,Result,StrictSR,LooseSR,Jerk,JerkP95,MinDistance,MinTTC,MinHeadway,NearMiss,DropoutFrames,RecoveryTime,LeaderAcc,LeaderFrames,WrongLeaderFrames,IDSwitches,CandidateFrames,FaultedCandidateFrames,FalsePositiveFrames,FalseNegativeFrames,NISFrames,NISMean,NISP95,NISSoftViolations,NISHardViolations,KFInitUpdates,KFNormalUpdates,KFSoftUpdates,KFHardResets,KFHardRejects,KFPredictFrames
1,Success,1.0000,1.0000,0.03398093661626254,0.0031814755107088836,15.000042915344238,,,0,0,,1.0,500,0,0,500,500,0,0,500,1.145726445813522,3.294879306872226,0,0,1,499,0,0,0,0
2,Success,1.0000,1.0000,0.03415442748532224,0.0029975725548874433,15.000027656555176,,,0,0,,1.0,500,0,0,500,500,0,0,500,1.1266513940065233,3.2839160232217517,0,0,1,499,0,0,0,0
3,Lost,0.6667,0.6667,0.24410770269404583,0.01192713969514538,14.99967098236084,,,0,0,,1.0,458,0,0,458,458,0,0,458,1.355747411166137,3.897436427789817,0,0,1,457,0,0,0,0
4,Success,0.7500,0.7500,0.03419758272457819,0.0023675570014052134,15.000041007995605,,,0,0,,1.0,500,0,0,500,500,0,0,500,1.4672634725175826,3.8785660651169267,0,0,1,499,0,0,0,0
5,Success,0.8000,0.8000,0.03417084752671061,0.002983662379134623,14.961015701293945,,,0,0,,1.0,500,0,0,500,500,0,0,500,1.4530641184553665,4.1682998604152015,0,0,1,499,0,0,0,0
6,Lost,0.6667,0.6667,0.036686268401620176,0.004143709509490988,14.967239379882812,,,0,0,,1.0,463,0,0,463,463,0,0,463,1.3997675316713254,4.026880493940386,0,0,1,462,0,0,0,0
7,Success,0.7143,0.7143,0.21425278180263604,0.007318336136452404,14.998279571533203,,,0,0,,1.0,500,0,0,500,500,0,0,500,1.4297350188141762,3.7919498629600725,0,0,1,499,0,0,0,0
8,Success,0.7500,0.7500,0.03404292505450485,0.0026579392710575104,15.00002670288086,,,0,0,,1.0,500,0,0,500,500,0,0,500,1.3334348587883187,3.771205186131133,0,0,1,499,0,0,0,0
9,Success,0.7778,0.7778,0.0340697259889473,0.0031609226664282963,15.000041961669922,,,0,0,,1.0,500,0,0,500,500,0,0,500,1.4767280559661136,3.8194815921241307,0,0,1,499,0,0,0,0
10,Success,0.8000,0.8000,0.07459073576271616,0.005648245017864883,15.000016212463379,,,0,0,,1.0,500,0,0,500,500,0,0,500,1.1538901802068617,3.3586358164376224,0,0,1,499,0,0,0,0
11,Success,0.8182,0.8182,0.034094059104416784,0.0028091760578281924,15.000038146972656,,,0,0,,1.0,500,0,0,500,500,0,0,500,1.3004261672570936,3.747105975850342,0,0,1,499,0,0,0,0
12,Success,0.8333,0.8333,0.034094551373358796,0.0030083514122027136,15.000049591064453,,,0,0,,1.0,500,0,0,500,500,0,0,500,1.5466757839657972,4.154482583798323,0,0,1,499,0,0,0,0
13,Success,0.8462,0.8462,0.20526975660027638,0.01003952707956696,15.000000953674316,,,0,0,,1.0,500,0,0,500,500,0,0,500,1.4054072043994228,3.960503398256141,0,0,1,499,0,0,0,0
14,Success,0.8571,0.8571,0.0340386865446612,0.002582598046084894,15.000049591064453,,,0,0,,1.0,500,0,0,500,500,0,0,500,1.2954151216202563,3.716190582848722,0,0,1,499,0,0,0,0
15,Success,0.8667,0.8667,0.034157265500532275,0.020424277907821316,15.001321792602539,,,0,0,,1.0,500,0,0,500,500,0,0,500,1.2853121880414533,3.630080718384736,0,0,1,499,0,0,0,0
16,Lost,0.8125,0.8125,0.2731432428091078,0.5972044260303881,14.996720314025879,,,0,0,,1.0,233,0,0,233,233,0,0,233,1.2513609404175532,3.406296985002073,0,0,1,232,0,0,0,0
17,Success,0.8235,0.8235,0.034094853108046275,0.00295534437759052,15.000038146972656,,,0,0,,1.0,500,0,0,500,500,0,0,500,1.4521665335397564,3.8635432101929204,0,0,1,499,0,0,0,0
18,Success,0.8333,0.8333,0.03415565370405108,0.002914104260727082,15.000039100646973,,,0,0,,1.0,500,0,0,500,500,0,0,500,1.3159649347757285,3.770829207771851,0,0,1,499,0,0,0,0
19,Success,0.8421,0.8421,0.03415324544924705,0.0027154431288911487,15.00003433227539,,,0,0,,1.0,500,0,0,500,500,0,0,500,1.390221420752872,4.023819030192062,0,0,1,499,0,0,0,0
20,Success,0.8500,0.8500,0.034154166044663245,0.0029140789525160466,15.000046730041504,,,0,0,,1.0,500,0,0,500,500,0,0,500,1.2755016380446345,3.6315258216297224,0,0,1,499,0,0,0,0
21,Success,0.8571,0.8571,0.034097576408505574,0.0029415316611012716,15.000038146972656,,,0,0,,1.0,500,0,0,500,500,0,0,500,1.5222966731953793,4.05867333026541,0,0,1,499,0,0,0,0
22,Success,0.8636,0.8636,0.034163851439684284,0.002708993212079345,14.955220222473145,,,0,0,,1.0,500,0,0,500,500,0,0,500,1.369632755529985,3.9306823265005892,0,0,1,499,0,0,0,0
23,Success,0.8696,0.8696,0.03419790119108495,0.0023104202501985425,14.990381240844727,,,0,0,,1.0,500,0,0,500,500,0,0,500,1.172568080802212,3.5845126260165867,0,0,1,499,0,0,0,0
24,Success,0.8750,0.8750,0.15254048541272616,0.008337029708927322,14.595024108886719,,,0,0,,1.0,500,0,0,500,500,0,0,500,1.4971592851982656,4.009387916510689,0,0,1,499,0,0,0,0
25,Success,0.8800,0.8800,0.03402583510673939,0.0028027907871367905,15.000039100646973,,,0,0,,1.0,500,0,0,500,500,0,0,500,1.3544989249858423,3.673760415038102,0,0,1,499,0,0,0,0
26,Success,0.8846,0.8846,0.2052087660276019,0.01026877789342697,15.000001907348633,,,0,0,,1.0,500,0,0,500,500,0,0,500,1.4708124329227037,3.9895388677850683,0,0,1,499,0,0,0,0
27,Lost,0.8519,0.8519,0.03514077157249323,0.0031151272888112216,15.00003719329834,,,0,0,,1.0,485,0,0,485,485,0,0,485,1.45309074775021,3.9314157372777627,0,0,1,484,0,0,0,0
28,Success,0.8571,0.8571,0.03405623933715477,0.002326582238415431,14.946359634399414,,,0,0,,1.0,500,0,0,500,500,0,0,500,1.309610721342814,3.8424387122237884,0,0,1,499,0,0,0,0
29,Success,0.8621,0.8621,0.034139848804121214,0.002638668908353045,14.879691123962402,,,0,0,,1.0,500,0,0,500,500,0,0,500,1.4181639600657054,3.9732636863452977,0,0,1,499,0,0,0,0
30,Success,0.8667,0.8667,0.034145651887891273,0.0024353534734516532,14.99052619934082,,,0,0,,1.0,500,0,0,500,500,0,0,500,1.2631713287774347,3.732532276746249,0,0,1,499,0,0,0,0
