claim,primary_evidence,quantitative_support,boundary,source,source_display,verifier_gate
Dataset split is auditable and non-overlapping.,train=4050; val=450; test_unseen=500,train vs val=0; train vs test_unseen=0; val vs test_unseen=0,Route-level generalization is not claimed as unrestricted deployment.,final_dataset_split_check.csv; final_dataset_split_overlap.csv,split audit CSVs,dataset split counts and overlap checks
Nominal low-ambiguity completion is dominated by the shared conservative safety layer.,"QGIP, Std-KF, and Rule all have 735/1000 Success, 265/1000 Lost, 0 collisions, 0 near-misses.",QGIP mean NIS 0.359; mean min distance 14.98 m.,Not used as the main query-guidance evidence.,main1000_nominal_source.csv,main1000 CSV,N=1000 nominal source counts
The target-interface stack improves over weak selector/KF baselines under ambiguity.,fp_10: QGIP LeaderAcc 86.2% vs no-query 53.2%. idswitch: QGIP 90.7% vs Std-KF 56.0%.,"Paired gains remain positive in the original N=300 stress rows.",Route-level success remains equal because conservative stopping dominates completion.,stress_summary_combined.csv; pairwise_stats_combined.csv,stress + CI CSVs,main text LeaderAcc and paired-CI checks
The accuracy-persistence frontier is real.,SORT+MPC reaches 99.5% LeaderAcc under idswitch.,QGIP reduces controller-facing switches under idswitch: 39.2 vs 108.8.,"Supports a trade-off interpretation, not universal QGIP superiority.",stress_summary_combined.csv; pairwise_stats_combined.csv,stress + CI CSVs,main text ID-switch and LeaderAcc checks
The POP/NIS+MPC contract can be fed by non-learned front ends.,SORT+POP/NIS+MPC reaches 90.0%/95.7% LeaderAcc on fp_10/idswitch.,ByteTrack-style+POP/NIS+MPC reaches 89.2%/99.5%.,"Supplemental N=100 front-end swap, not a replacement for paired N=300 rows.",review_addendum_summary_20260615.csv,review addendum CSVs,front-end swap addendum checks
Semantic-query generalization is not established.,Query-left addendum: GNN selector 49.5% vs GNN no-query 50.3%.,Tracker front ends mostly follow the same-lane vehicle.,"Negative boundary result; the paper does not claim broad query-conditioned behavior.",review_addendum_summary_20260615.csv,review addendum CSVs,query-left boundary checks
Boundary ambiguity stress preserves the same target-consistency pattern.,QGIP LeaderAcc 80.0% in fp20+idswitch20.,Route success 77.0%; collision 0.0%.,"Supplemental N=100 stress, not the primary statistical test.",stress_summary_combined.csv; table_boundary_stress.tex,stress + boundary table,scenario coverage and source-data checks
NIS/mode instrumentation responds to detector degradation and outliers.,Noise 1.0 m: NIS p95 13.118; FP outlier: NIS p95 1621.8.,FP outlier hard resets 80.4 per episode.,Closed-loop diagnostic only; not a final real-sensor calibration study.,carla_nis_noise_sweep_qgip100_summary.csv; carla_nis_outlier_qgip100_summary.csv,NIS noise/outlier CSVs,"NIS monotonicity, outlier p95, and hard-reset checks"
The real-robot preflight logic has a deterministic ROS2-less behavioral dry run.,12/12 dry-run checks PASS; rows=90.,"mode_counts={'TRACKING': 57, 'GHOST': 19, 'LOST': 14}; lost_stop_frames=14.","Desktop dry run only; it is not ROS2 build, launch, rosbag, timing, or physical robot evidence.",real_robot_offline_dryrun_summary.csv; real_robot_offline_dryrun_trace.csv; fig13_offline_dryrun_contract_timeline_v2_source_data.csv,offline dry-run CSVs,"offline dry-run summary, trace, and figure-source checks"
Pre-real-robot execution gates are documented and auditable before any physical claim.,23/23 gate rows PASS across Stage A-F.,Gate coverage: A=4; B=4; C=6; D=3; E=4; F=2.,"Prepared gate package only; physical claims require signed manifests, ROS2/HIL bags, timing logs, and robot trials.",pre_real_robot_gate_audit.csv; table_pre_real_robot_gate_audit.tex; pre_real_robot_gate_audit_report_20260604.md,pre-real gate audit,pre-real-robot gate audit checks and manuscript non-claim boundary
