panel,record_type,time_s,t0_s,t1_s,mode,speed_mps,nis,statistic,dry_run_ms,gate_ms,note
a_contract_timeline,mode_interval,,0.0,0.75,TRACKING,,,,,,offline desktop dry-run contract interval
a_contract_timeline,mode_interval,,0.75,1.65,GHOST,,,,,,offline desktop dry-run contract interval
a_contract_timeline,mode_interval,,1.65,2.45,LOST,,,,,,offline desktop dry-run contract interval
a_contract_timeline,mode_interval,,2.45,2.65,RESET,,,,,,offline desktop dry-run contract interval
a_contract_timeline,mode_interval,,2.65,4.2,TRACKING,,,,,,offline desktop dry-run contract interval
a_contract_timeline,time_series,0.0,,,TRACKING,0.5,0.0,,,,selected leader retained; synthetic event trace for figure rendering
a_contract_timeline,time_series,0.0233,,,TRACKING,0.5,0.0,,,,selected leader retained; synthetic event trace for figure rendering
a_contract_timeline,time_series,0.0467,,,TRACKING,0.5,0.0,,,,selected leader retained; synthetic event trace for figure rendering
a_contract_timeline,time_series,0.07,,,TRACKING,0.5,0.0,,,,selected leader retained; synthetic event trace for figure rendering
a_contract_timeline,time_series,0.0933,,,TRACKING,0.5,0.0,,,,selected leader retained; synthetic event trace for figure rendering
a_contract_timeline,time_series,0.1167,,,TRACKING,0.5,0.0,,,,selected leader retained; synthetic event trace for figure rendering
a_contract_timeline,time_series,0.14,,,TRACKING,0.5,0.0,,,,selected leader retained; synthetic event trace for figure rendering
a_contract_timeline,time_series,0.1633,,,TRACKING,0.5,0.0,,,,selected leader retained; synthetic event trace for figure rendering
a_contract_timeline,time_series,0.1867,,,TRACKING,0.5,0.0,,,,selected leader retained; synthetic event trace for figure rendering
a_contract_timeline,time_series,0.21,,,TRACKING,0.5,0.0,,,,selected leader retained; synthetic event trace for figure rendering
a_contract_timeline,time_series,0.2333,,,TRACKING,0.5,0.0,,,,selected leader retained; synthetic event trace for figure rendering
a_contract_timeline,time_series,0.2567,,,TRACKING,0.5,0.0,,,,selected leader retained; synthetic event trace for figure rendering
a_contract_timeline,time_series,0.28,,,TRACKING,0.5,0.0,,,,selected leader retained; synthetic event trace for figure rendering
a_contract_timeline,time_series,0.3033,,,TRACKING,0.5,0.0,,,,selected leader retained; synthetic event trace for figure rendering
a_contract_timeline,time_series,0.3267,,,TRACKING,0.5,0.0,,,,selected leader retained; synthetic event trace for figure rendering
a_contract_timeline,time_series,0.35,,,TRACKING,0.5,0.0,,,,selected leader retained; synthetic event trace for figure rendering
a_contract_timeline,time_series,0.3733,,,TRACKING,0.5,0.0,,,,selected leader retained; synthetic event trace for figure rendering
a_contract_timeline,time_series,0.3967,,,TRACKING,0.5,0.0,,,,selected leader retained; synthetic event trace for figure rendering
a_contract_timeline,time_series,0.42,,,TRACKING,0.5,0.0,,,,selected leader retained; synthetic event trace for figure rendering
a_contract_timeline,time_series,0.4433,,,TRACKING,0.5,0.0,,,,selected leader retained; synthetic event trace for figure rendering
a_contract_timeline,time_series,0.4667,,,TRACKING,0.5,0.0,,,,selected leader retained; synthetic event trace for figure rendering
a_contract_timeline,time_series,0.49,,,TRACKING,0.5,0.0,,,,selected leader retained; synthetic event trace for figure rendering
a_contract_timeline,time_series,0.5133,,,TRACKING,0.5,0.0,,,,selected leader retained; synthetic event trace for figure rendering
a_contract_timeline,time_series,0.5367,,,TRACKING,0.5,0.0,,,,selected leader retained; synthetic event trace for figure rendering
a_contract_timeline,time_series,0.56,,,TRACKING,0.5,0.0,,,,selected leader retained; synthetic event trace for figure rendering
a_contract_timeline,time_series,0.5833,,,TRACKING,0.5,0.0,,,,selected leader retained; synthetic event trace for figure rendering
a_contract_timeline,time_series,0.6067,,,TRACKING,0.5,0.0,,,,selected leader retained; synthetic event trace for figure rendering
a_contract_timeline,time_series,0.63,,,TRACKING,0.5,0.0,,,,selected leader retained; synthetic event trace for figure rendering
a_contract_timeline,time_series,0.6533,,,TRACKING,0.5,1e-05,,,,selected leader retained; synthetic event trace for figure rendering
a_contract_timeline,time_series,0.6767,,,TRACKING,0.5,8e-05,,,,selected leader retained; synthetic event trace for figure rendering
a_contract_timeline,time_series,0.7,,,TRACKING,0.5,0.00088,,,,selected leader retained; synthetic event trace for figure rendering
a_contract_timeline,time_series,0.7233,,,TRACKING,0.5,0.00665,,,,selected leader retained; synthetic event trace for figure rendering
a_contract_timeline,time_series,0.7467,,,TRACKING,0.5,0.03555,,,,selected leader retained; synthetic event trace for figure rendering
a_contract_timeline,time_series,0.77,,,GHOST,0.2596,0.13534,,,,selected leader retained; synthetic event trace for figure rendering
a_contract_timeline,time_series,0.7933,,,GHOST,0.25913,0.3666,,,,selected leader retained; synthetic event trace for figure rendering
a_contract_timeline,time_series,0.8167,,,GHOST,0.25867,0.70665,,,,selected leader retained; synthetic event trace for figure rendering
a_contract_timeline,time_series,0.84,,,GHOST,0.2582,0.96923,,,,selected leader retained; synthetic event trace for figure rendering
a_contract_timeline,time_series,0.8633,,,GHOST,0.25773,0.94596,,,,selected leader retained; synthetic event trace for figure rendering
a_contract_timeline,time_series,0.8867,,,GHOST,0.25727,0.65696,,,,selected leader retained; synthetic event trace for figure rendering
a_contract_timeline,time_series,0.91,,,GHOST,0.2568,0.32465,,,,selected leader retained; synthetic event trace for figure rendering
a_contract_timeline,time_series,0.9333,,,GHOST,0.25633,0.11416,,,,selected leader retained; synthetic event trace for figure rendering
a_contract_timeline,time_series,0.9567,,,GHOST,0.25587,0.02857,,,,selected leader retained; synthetic event trace for figure rendering
a_contract_timeline,time_series,0.98,,,GHOST,0.2554,0.00509,,,,selected leader retained; synthetic event trace for figure rendering
a_contract_timeline,time_series,1.0033,,,GHOST,0.25493,0.00064,,,,selected leader retained; synthetic event trace for figure rendering
a_contract_timeline,time_series,1.0267,,,GHOST,0.25447,6e-05,,,,selected leader retained; synthetic event trace for figure rendering
a_contract_timeline,time_series,1.05,,,GHOST,0.254,0.0,,,,selected leader retained; synthetic event trace for figure rendering
a_contract_timeline,time_series,1.0733,,,GHOST,0.25353,0.0,,,,selected leader retained; synthetic event trace for figure rendering
a_contract_timeline,time_series,1.0967,,,GHOST,0.25307,0.0,,,,selected leader retained; synthetic event trace for figure rendering
a_contract_timeline,time_series,1.12,,,GHOST,0.2526,0.0,,,,selected leader retained; synthetic event trace for figure rendering
a_contract_timeline,time_series,1.1433,,,GHOST,0.25213,0.0,,,,selected leader retained; synthetic event trace for figure rendering
a_contract_timeline,time_series,1.1667,,,GHOST,0.25167,0.0,,,,selected leader retained; synthetic event trace for figure rendering
a_contract_timeline,time_series,1.19,,,GHOST,0.2512,0.0,,,,selected leader retained; synthetic event trace for figure rendering
a_contract_timeline,time_series,1.2133,,,GHOST,0.25073,0.0,,,,selected leader retained; synthetic event trace for figure rendering
a_contract_timeline,time_series,1.2367,,,GHOST,0.25027,0.0,,,,selected leader retained; synthetic event trace for figure rendering
a_contract_timeline,time_series,1.26,,,GHOST,0.2498,0.0,,,,selected leader retained; synthetic event trace for figure rendering
a_contract_timeline,time_series,1.2833,,,GHOST,0.24933,0.0,,,,selected leader retained; synthetic event trace for figure rendering
a_contract_timeline,time_series,1.3067,,,GHOST,0.24887,0.0,,,,selected leader retained; synthetic event trace for figure rendering
a_contract_timeline,time_series,1.33,,,GHOST,0.2484,0.0,,,,selected leader retained; synthetic event trace for figure rendering
a_contract_timeline,time_series,1.3533,,,GHOST,0.24793,0.0,,,,selected leader retained; synthetic event trace for figure rendering
a_contract_timeline,time_series,1.3767,,,GHOST,0.24747,0.0,,,,selected leader retained; synthetic event trace for figure rendering
a_contract_timeline,time_series,1.4,,,GHOST,0.247,0.0,,,,selected leader retained; synthetic event trace for figure rendering
a_contract_timeline,time_series,1.4233,,,GHOST,0.24653,0.0,,,,selected leader retained; synthetic event trace for figure rendering
a_contract_timeline,time_series,1.4467,,,GHOST,0.24607,0.0,,,,selected leader retained; synthetic event trace for figure rendering
a_contract_timeline,time_series,1.47,,,GHOST,0.2456,0.0,,,,selected leader retained; synthetic event trace for figure rendering
a_contract_timeline,time_series,1.4933,,,GHOST,0.24513,0.0,,,,selected leader retained; synthetic event trace for figure rendering
a_contract_timeline,time_series,1.5167,,,GHOST,0.24467,0.0,,,,selected leader retained; synthetic event trace for figure rendering
a_contract_timeline,time_series,1.54,,,GHOST,0.2442,0.0,,,,selected leader retained; synthetic event trace for figure rendering
a_contract_timeline,time_series,1.5633,,,GHOST,0.24373,0.0,,,,selected leader retained; synthetic event trace for figure rendering
a_contract_timeline,time_series,1.5867,,,GHOST,0.24327,0.0,,,,selected leader retained; synthetic event trace for figure rendering
a_contract_timeline,time_series,1.61,,,GHOST,0.04,0.0,,,,selected leader retained; synthetic event trace for figure rendering
a_contract_timeline,time_series,1.6333,,,GHOST,0.04,0.0,,,,selected leader retained; synthetic event trace for figure rendering
a_contract_timeline,time_series,1.6567,,,LOST,0.04,0.0,,,,selected leader retained; synthetic event trace for figure rendering
a_contract_timeline,time_series,1.68,,,LOST,0.04,0.0,,,,selected leader retained; synthetic event trace for figure rendering
a_contract_timeline,time_series,1.7033,,,LOST,0.04,0.0,,,,selected leader retained; synthetic event trace for figure rendering
a_contract_timeline,time_series,1.7267,,,LOST,0.04,0.0,,,,selected leader retained; synthetic event trace for figure rendering
a_contract_timeline,time_series,1.75,,,LOST,0.04,0.0,,,,selected leader retained; synthetic event trace for figure rendering
a_contract_timeline,time_series,1.7733,,,LOST,0.04,0.0,,,,selected leader retained; synthetic event trace for figure rendering
a_contract_timeline,time_series,1.7967,,,LOST,0.04,0.0,,,,selected leader retained; synthetic event trace for figure rendering
a_contract_timeline,time_series,1.82,,,LOST,0.04,0.0,,,,selected leader retained; synthetic event trace for figure rendering
a_contract_timeline,time_series,1.8433,,,LOST,0.04,0.0,,,,selected leader retained; synthetic event trace for figure rendering
a_contract_timeline,time_series,1.8667,,,LOST,0.04,0.0,,,,selected leader retained; synthetic event trace for figure rendering
a_contract_timeline,time_series,1.89,,,LOST,0.04,0.0,,,,selected leader retained; synthetic event trace for figure rendering
a_contract_timeline,time_series,1.9133,,,LOST,0.04,0.0,,,,selected leader retained; synthetic event trace for figure rendering
a_contract_timeline,time_series,1.9367,,,LOST,0.04,0.0,,,,selected leader retained; synthetic event trace for figure rendering
a_contract_timeline,time_series,1.96,,,LOST,0.04,0.0,,,,selected leader retained; synthetic event trace for figure rendering
a_contract_timeline,time_series,1.9833,,,LOST,0.04,0.0,,,,selected leader retained; synthetic event trace for figure rendering
a_contract_timeline,time_series,2.0067,,,LOST,0.04,0.0,,,,selected leader retained; synthetic event trace for figure rendering
a_contract_timeline,time_series,2.03,,,LOST,0.04,0.0,,,,selected leader retained; synthetic event trace for figure rendering
a_contract_timeline,time_series,2.0533,,,LOST,0.04,0.0,,,,selected leader retained; synthetic event trace for figure rendering
a_contract_timeline,time_series,2.0767,,,LOST,0.04,0.0,,,,selected leader retained; synthetic event trace for figure rendering
a_contract_timeline,time_series,2.1,,,LOST,0.04,0.0,,,,selected leader retained; synthetic event trace for figure rendering
a_contract_timeline,time_series,2.1233,,,LOST,0.04,0.0,,,,selected leader retained; synthetic event trace for figure rendering
a_contract_timeline,time_series,2.1467,,,LOST,0.04,0.0,,,,selected leader retained; synthetic event trace for figure rendering
a_contract_timeline,time_series,2.17,,,LOST,0.04,0.0,,,,selected leader retained; synthetic event trace for figure rendering
a_contract_timeline,time_series,2.1933,,,LOST,0.04,0.0,,,,selected leader retained; synthetic event trace for figure rendering
a_contract_timeline,time_series,2.2167,,,LOST,0.04,0.0,,,,selected leader retained; synthetic event trace for figure rendering
a_contract_timeline,time_series,2.24,,,LOST,0.04,0.0,,,,selected leader retained; synthetic event trace for figure rendering
a_contract_timeline,time_series,2.2633,,,LOST,0.04,0.0,,,,selected leader retained; synthetic event trace for figure rendering
a_contract_timeline,time_series,2.2867,,,LOST,0.04,0.0,,,,selected leader retained; synthetic event trace for figure rendering
a_contract_timeline,time_series,2.31,,,LOST,0.04,0.0,,,,selected leader retained; synthetic event trace for figure rendering
a_contract_timeline,time_series,2.3333,,,LOST,0.04,0.0,,,,selected leader retained; synthetic event trace for figure rendering
a_contract_timeline,time_series,2.3567,,,LOST,0.04,1e-05,,,,selected leader retained; synthetic event trace for figure rendering
a_contract_timeline,time_series,2.38,,,LOST,0.04,0.00024,,,,selected leader retained; synthetic event trace for figure rendering
a_contract_timeline,time_series,2.4033,,,LOST,0.04,0.00492,,,,selected leader retained; synthetic event trace for figure rendering
a_contract_timeline,time_series,2.4267,,,LOST,0.04,0.06438,,,,selected leader retained; synthetic event trace for figure rendering
a_contract_timeline,time_series,2.45,,,RESET,0.04,0.54016,,,,selected leader retained; synthetic event trace for figure rendering
a_contract_timeline,time_series,2.4733,,,RESET,0.096,2.90561,,,,selected leader retained; synthetic event trace for figure rendering
a_contract_timeline,time_series,2.4967,,,RESET,0.152,10.02155,,,,selected leader retained; synthetic event trace for figure rendering
a_contract_timeline,time_series,2.52,,,RESET,0.208,22.16222,,,,selected leader retained; synthetic event trace for figure rendering
a_contract_timeline,time_series,2.5433,,,RESET,0.264,31.42473,,,,selected leader retained; synthetic event trace for figure rendering
a_contract_timeline,time_series,2.5667,,,RESET,0.32,28.57,,,,selected leader retained; synthetic event trace for figure rendering
a_contract_timeline,time_series,2.59,,,RESET,0.376,16.6544,,,,selected leader retained; synthetic event trace for figure rendering
a_contract_timeline,time_series,2.6133,,,RESET,0.432,6.22484,,,,selected leader retained; synthetic event trace for figure rendering
a_contract_timeline,time_series,2.6367,,,RESET,0.488,1.49179,,,,selected leader retained; synthetic event trace for figure rendering
a_contract_timeline,time_series,2.66,,,TRACKING,0.5,0.22923,,,,selected leader retained; synthetic event trace for figure rendering
a_contract_timeline,time_series,2.6833,,,TRACKING,0.5,0.02258,,,,selected leader retained; synthetic event trace for figure rendering
a_contract_timeline,time_series,2.7067,,,TRACKING,0.5,0.00143,,,,selected leader retained; synthetic event trace for figure rendering
a_contract_timeline,time_series,2.73,,,TRACKING,0.5,6e-05,,,,selected leader retained; synthetic event trace for figure rendering
a_contract_timeline,time_series,2.7533,,,TRACKING,0.5,0.0,,,,selected leader retained; synthetic event trace for figure rendering
a_contract_timeline,time_series,2.7767,,,TRACKING,0.5,0.0,,,,selected leader retained; synthetic event trace for figure rendering
a_contract_timeline,time_series,2.8,,,TRACKING,0.5,0.0,,,,selected leader retained; synthetic event trace for figure rendering
a_contract_timeline,time_series,2.8233,,,TRACKING,0.5,0.0,,,,selected leader retained; synthetic event trace for figure rendering
a_contract_timeline,time_series,2.8467,,,TRACKING,0.5,0.0,,,,selected leader retained; synthetic event trace for figure rendering
a_contract_timeline,time_series,2.87,,,TRACKING,0.5,0.0,,,,selected leader retained; synthetic event trace for figure rendering
a_contract_timeline,time_series,2.8933,,,TRACKING,0.5,0.0,,,,selected leader retained; synthetic event trace for figure rendering
a_contract_timeline,time_series,2.9167,,,TRACKING,0.5,0.0,,,,selected leader retained; synthetic event trace for figure rendering
a_contract_timeline,time_series,2.94,,,TRACKING,0.5,0.0,,,,selected leader retained; synthetic event trace for figure rendering
a_contract_timeline,time_series,2.9633,,,TRACKING,0.5,0.0,,,,selected leader retained; synthetic event trace for figure rendering
a_contract_timeline,time_series,2.9867,,,TRACKING,0.5,0.0,,,,selected leader retained; synthetic event trace for figure rendering
a_contract_timeline,time_series,3.01,,,TRACKING,0.5,0.0,,,,selected leader retained; synthetic event trace for figure rendering
a_contract_timeline,time_series,3.0333,,,TRACKING,0.5,0.0,,,,selected leader retained; synthetic event trace for figure rendering
a_contract_timeline,time_series,3.0567,,,TRACKING,0.5,0.0,,,,selected leader retained; synthetic event trace for figure rendering
a_contract_timeline,time_series,3.08,,,TRACKING,0.5,0.0,,,,selected leader retained; synthetic event trace for figure rendering
a_contract_timeline,time_series,3.1033,,,TRACKING,0.5,0.0,,,,selected leader retained; synthetic event trace for figure rendering
a_contract_timeline,time_series,3.1267,,,TRACKING,0.5,0.0,,,,selected leader retained; synthetic event trace for figure rendering
a_contract_timeline,time_series,3.15,,,TRACKING,0.5,0.0,,,,selected leader retained; synthetic event trace for figure rendering
a_contract_timeline,time_series,3.1733,,,TRACKING,0.5,0.0,,,,selected leader retained; synthetic event trace for figure rendering
a_contract_timeline,time_series,3.1967,,,TRACKING,0.5,0.0,,,,selected leader retained; synthetic event trace for figure rendering
a_contract_timeline,time_series,3.22,,,TRACKING,0.5,0.0,,,,selected leader retained; synthetic event trace for figure rendering
a_contract_timeline,time_series,3.2433,,,TRACKING,0.5,0.0,,,,selected leader retained; synthetic event trace for figure rendering
a_contract_timeline,time_series,3.2667,,,TRACKING,0.5,0.0,,,,selected leader retained; synthetic event trace for figure rendering
a_contract_timeline,time_series,3.29,,,TRACKING,0.5,0.0,,,,selected leader retained; synthetic event trace for figure rendering
a_contract_timeline,time_series,3.3133,,,TRACKING,0.5,0.0,,,,selected leader retained; synthetic event trace for figure rendering
a_contract_timeline,time_series,3.3367,,,TRACKING,0.5,0.0,,,,selected leader retained; synthetic event trace for figure rendering
a_contract_timeline,time_series,3.36,,,TRACKING,0.5,0.0,,,,selected leader retained; synthetic event trace for figure rendering
a_contract_timeline,time_series,3.3833,,,TRACKING,0.5,0.0,,,,selected leader retained; synthetic event trace for figure rendering
a_contract_timeline,time_series,3.4067,,,TRACKING,0.5,0.0,,,,selected leader retained; synthetic event trace for figure rendering
a_contract_timeline,time_series,3.43,,,TRACKING,0.5,0.0,,,,selected leader retained; synthetic event trace for figure rendering
a_contract_timeline,time_series,3.4533,,,TRACKING,0.5,0.0,,,,selected leader retained; synthetic event trace for figure rendering
a_contract_timeline,time_series,3.4767,,,TRACKING,0.5,0.0,,,,selected leader retained; synthetic event trace for figure rendering
a_contract_timeline,time_series,3.5,,,TRACKING,0.5,0.0,,,,selected leader retained; synthetic event trace for figure rendering
a_contract_timeline,time_series,3.5233,,,TRACKING,0.5,0.0,,,,selected leader retained; synthetic event trace for figure rendering
a_contract_timeline,time_series,3.5467,,,TRACKING,0.5,0.0,,,,selected leader retained; synthetic event trace for figure rendering
a_contract_timeline,time_series,3.57,,,TRACKING,0.5,0.0,,,,selected leader retained; synthetic event trace for figure rendering
a_contract_timeline,time_series,3.5933,,,TRACKING,0.5,0.0,,,,selected leader retained; synthetic event trace for figure rendering
a_contract_timeline,time_series,3.6167,,,TRACKING,0.5,0.0,,,,selected leader retained; synthetic event trace for figure rendering
a_contract_timeline,time_series,3.64,,,TRACKING,0.5,0.0,,,,selected leader retained; synthetic event trace for figure rendering
a_contract_timeline,time_series,3.6633,,,TRACKING,0.5,0.0,,,,selected leader retained; synthetic event trace for figure rendering
a_contract_timeline,time_series,3.6867,,,TRACKING,0.5,0.0,,,,selected leader retained; synthetic event trace for figure rendering
a_contract_timeline,time_series,3.71,,,TRACKING,0.5,0.0,,,,selected leader retained; synthetic event trace for figure rendering
a_contract_timeline,time_series,3.7333,,,TRACKING,0.5,0.0,,,,selected leader retained; synthetic event trace for figure rendering
a_contract_timeline,time_series,3.7567,,,TRACKING,0.5,0.0,,,,selected leader retained; synthetic event trace for figure rendering
a_contract_timeline,time_series,3.78,,,TRACKING,0.5,0.0,,,,selected leader retained; synthetic event trace for figure rendering
a_contract_timeline,time_series,3.8033,,,TRACKING,0.5,0.0,,,,selected leader retained; synthetic event trace for figure rendering
a_contract_timeline,time_series,3.8267,,,TRACKING,0.5,0.0,,,,selected leader retained; synthetic event trace for figure rendering
a_contract_timeline,time_series,3.85,,,TRACKING,0.5,0.0,,,,selected leader retained; synthetic event trace for figure rendering
a_contract_timeline,time_series,3.8733,,,TRACKING,0.5,0.0,,,,selected leader retained; synthetic event trace for figure rendering
a_contract_timeline,time_series,3.8967,,,TRACKING,0.5,0.0,,,,selected leader retained; synthetic event trace for figure rendering
a_contract_timeline,time_series,3.92,,,TRACKING,0.5,0.0,,,,selected leader retained; synthetic event trace for figure rendering
a_contract_timeline,time_series,3.9433,,,TRACKING,0.5,0.0,,,,selected leader retained; synthetic event trace for figure rendering
a_contract_timeline,time_series,3.9667,,,TRACKING,0.5,0.0,,,,selected leader retained; synthetic event trace for figure rendering
a_contract_timeline,time_series,3.99,,,TRACKING,0.5,0.0,,,,selected leader retained; synthetic event trace for figure rendering
a_contract_timeline,time_series,4.0133,,,TRACKING,0.5,0.0,,,,selected leader retained; synthetic event trace for figure rendering
a_contract_timeline,time_series,4.0367,,,TRACKING,0.5,0.0,,,,selected leader retained; synthetic event trace for figure rendering
a_contract_timeline,time_series,4.06,,,TRACKING,0.5,0.0,,,,selected leader retained; synthetic event trace for figure rendering
a_contract_timeline,time_series,4.0833,,,TRACKING,0.5,0.0,,,,selected leader retained; synthetic event trace for figure rendering
a_contract_timeline,time_series,4.1067,,,TRACKING,0.5,0.0,,,,selected leader retained; synthetic event trace for figure rendering
a_contract_timeline,time_series,4.13,,,TRACKING,0.5,0.0,,,,selected leader retained; synthetic event trace for figure rendering
a_contract_timeline,time_series,4.1533,,,TRACKING,0.5,0.0,,,,selected leader retained; synthetic event trace for figure rendering
a_contract_timeline,time_series,4.1767,,,TRACKING,0.5,0.0,,,,selected leader retained; synthetic event trace for figure rendering
a_contract_timeline,time_series,4.2,,,TRACKING,0.5,0.0,,,,selected leader retained; synthetic event trace for figure rendering
b_telemetry_gate,latency_gate,,,,,,,mean,9.1,18.0,"synthetic parser QA only, not live ROS2 timing"
b_telemetry_gate,latency_gate,,,,,,,p95,11.1,28.0,"synthetic parser QA only, not live ROS2 timing"
b_telemetry_gate,latency_gate,,,,,,,p99,11.5,32.0,"synthetic parser QA only, not live ROS2 timing"
