panel,evidence_family_id,evidence_family,claim_axis,claim_axis_label,strength_code,strength_label,cell_code,source_protocols,protocol_statuses,manuscript_anchors,quantitative_scope,boundary,source_file
a_protocol_to_claim_matrix,split_odd,ODD and split control,odd_split,ODD / split,3,primary direct evidence for this claim axis,D,split_audit,PASS,Dataset Split and Audit Trail,"train=4050, validation=450, held-out test=500; zero pairwise split overlap","file-level split audit, not unrestricted deployment generalization",simulation_protocol_registry.csv
a_protocol_to_claim_matrix,split_odd,ODD and split control,target_consistency,target consistency,0,not a claim support in this layer,,split_audit,PASS,Dataset Split and Audit Trail,"train=4050, validation=450, held-out test=500; zero pairwise split overlap","file-level split audit, not unrestricted deployment generalization",simulation_protocol_registry.csv
a_protocol_to_claim_matrix,split_odd,ODD and split control,finite_sample_safety,finite-sample safety,0,not a claim support in this layer,,split_audit,PASS,Dataset Split and Audit Trail,"train=4050, validation=450, held-out test=500; zero pairwise split overlap","file-level split audit, not unrestricted deployment generalization",simulation_protocol_registry.csv
a_protocol_to_claim_matrix,split_odd,ODD and split control,uncertainty_response,uncertainty response,0,not a claim support in this layer,,split_audit,PASS,Dataset Split and Audit Trail,"train=4050, validation=450, held-out test=500; zero pairwise split overlap","file-level split audit, not unrestricted deployment generalization",simulation_protocol_registry.csv
a_protocol_to_claim_matrix,split_odd,ODD and split control,reproducibility,reproducibility / provenance,1,context or boundary support,C,split_audit,PASS,Dataset Split and Audit Trail,"train=4050, validation=450, held-out test=500; zero pairwise split overlap","file-level split audit, not unrestricted deployment generalization",simulation_protocol_registry.csv
a_protocol_to_claim_matrix,nominal_benchmark,Nominal and blackout benchmarks,odd_split,ODD / split,1,context or boundary support,C,main300_blackout_benchmark; main1000_nominal_sanity,PASS; PASS,Main Simulation Results; Metrics and Main Benchmark,N=300 main benchmark and N=1000 nominal sanity check,shared conservative controller dominates completion; not the main query-guidance discriminator,simulation_protocol_registry.csv
a_protocol_to_claim_matrix,nominal_benchmark,Nominal and blackout benchmarks,target_consistency,target consistency,1,context or boundary support,C,main300_blackout_benchmark; main1000_nominal_sanity,PASS; PASS,Main Simulation Results; Metrics and Main Benchmark,N=300 main benchmark and N=1000 nominal sanity check,shared conservative controller dominates completion; not the main query-guidance discriminator,simulation_protocol_registry.csv
a_protocol_to_claim_matrix,nominal_benchmark,Nominal and blackout benchmarks,finite_sample_safety,finite-sample safety,2,supporting quantitative/audit evidence,S,main300_blackout_benchmark; main1000_nominal_sanity,PASS; PASS,Main Simulation Results; Metrics and Main Benchmark,N=300 main benchmark and N=1000 nominal sanity check,shared conservative controller dominates completion; not the main query-guidance discriminator,simulation_protocol_registry.csv
a_protocol_to_claim_matrix,nominal_benchmark,Nominal and blackout benchmarks,uncertainty_response,uncertainty response,1,context or boundary support,C,main300_blackout_benchmark; main1000_nominal_sanity,PASS; PASS,Main Simulation Results; Metrics and Main Benchmark,N=300 main benchmark and N=1000 nominal sanity check,shared conservative controller dominates completion; not the main query-guidance discriminator,simulation_protocol_registry.csv
a_protocol_to_claim_matrix,nominal_benchmark,Nominal and blackout benchmarks,reproducibility,reproducibility / provenance,1,context or boundary support,C,main300_blackout_benchmark; main1000_nominal_sanity,PASS; PASS,Main Simulation Results; Metrics and Main Benchmark,N=300 main benchmark and N=1000 nominal sanity check,shared conservative controller dominates completion; not the main query-guidance discriminator,simulation_protocol_registry.csv
a_protocol_to_claim_matrix,primary_ambiguity,Primary ambiguity tests,odd_split,ODD / split,1,context or boundary support,C,primary_fp10_ambiguity; primary_idswitch_ambiguity,PASS; FAIL,Ambiguity Stress: Target Consistency,"two N=300 paired ambiguity protocols with LeaderAcc, ID switches, and paired CIs","supports target consistency, not universal route-completion superiority",simulation_protocol_registry.csv
a_protocol_to_claim_matrix,primary_ambiguity,Primary ambiguity tests,target_consistency,target consistency,3,primary direct evidence for this claim axis,D,primary_fp10_ambiguity; primary_idswitch_ambiguity,PASS; FAIL,Ambiguity Stress: Target Consistency,"two N=300 paired ambiguity protocols with LeaderAcc, ID switches, and paired CIs","supports target consistency, not universal route-completion superiority",simulation_protocol_registry.csv
a_protocol_to_claim_matrix,primary_ambiguity,Primary ambiguity tests,finite_sample_safety,finite-sample safety,1,context or boundary support,C,primary_fp10_ambiguity; primary_idswitch_ambiguity,PASS; FAIL,Ambiguity Stress: Target Consistency,"two N=300 paired ambiguity protocols with LeaderAcc, ID switches, and paired CIs","supports target consistency, not universal route-completion superiority",simulation_protocol_registry.csv
a_protocol_to_claim_matrix,primary_ambiguity,Primary ambiguity tests,uncertainty_response,uncertainty response,1,context or boundary support,C,primary_fp10_ambiguity; primary_idswitch_ambiguity,PASS; FAIL,Ambiguity Stress: Target Consistency,"two N=300 paired ambiguity protocols with LeaderAcc, ID switches, and paired CIs","supports target consistency, not universal route-completion superiority",simulation_protocol_registry.csv
a_protocol_to_claim_matrix,primary_ambiguity,Primary ambiguity tests,reproducibility,reproducibility / provenance,1,context or boundary support,C,primary_fp10_ambiguity; primary_idswitch_ambiguity,PASS; FAIL,Ambiguity Stress: Target Consistency,"two N=300 paired ambiguity protocols with LeaderAcc, ID switches, and paired CIs","supports target consistency, not universal route-completion superiority",simulation_protocol_registry.csv
a_protocol_to_claim_matrix,layered_stress,Layered detector/timing degradation stress,odd_split,ODD / split,2,supporting quantitative/audit evidence,S,detector_timing_stress; raw_sensor_like_stress; boundary_ambiguity_stress,PASS; PASS; FAIL,Expanded Stress-Suite Outcomes,detector/timing N=300 checks plus object-list degradation and boundary N=100 screens,"layered coverage, not a fully factorial raw-camera/LiDAR validation campaign",simulation_protocol_registry.csv
a_protocol_to_claim_matrix,layered_stress,Layered detector/timing degradation stress,target_consistency,target consistency,2,supporting quantitative/audit evidence,S,detector_timing_stress; raw_sensor_like_stress; boundary_ambiguity_stress,PASS; PASS; FAIL,Expanded Stress-Suite Outcomes,detector/timing N=300 checks plus object-list degradation and boundary N=100 screens,"layered coverage, not a fully factorial raw-camera/LiDAR validation campaign",simulation_protocol_registry.csv
a_protocol_to_claim_matrix,layered_stress,Layered detector/timing degradation stress,finite_sample_safety,finite-sample safety,2,supporting quantitative/audit evidence,S,detector_timing_stress; raw_sensor_like_stress; boundary_ambiguity_stress,PASS; PASS; FAIL,Expanded Stress-Suite Outcomes,detector/timing N=300 checks plus object-list degradation and boundary N=100 screens,"layered coverage, not a fully factorial raw-camera/LiDAR validation campaign",simulation_protocol_registry.csv
a_protocol_to_claim_matrix,layered_stress,Layered detector/timing degradation stress,uncertainty_response,uncertainty response,1,context or boundary support,C,detector_timing_stress; raw_sensor_like_stress; boundary_ambiguity_stress,PASS; PASS; FAIL,Expanded Stress-Suite Outcomes,detector/timing N=300 checks plus object-list degradation and boundary N=100 screens,"layered coverage, not a fully factorial raw-camera/LiDAR validation campaign",simulation_protocol_registry.csv
a_protocol_to_claim_matrix,layered_stress,Layered detector/timing degradation stress,reproducibility,reproducibility / provenance,1,context or boundary support,C,detector_timing_stress; raw_sensor_like_stress; boundary_ambiguity_stress,PASS; PASS; FAIL,Expanded Stress-Suite Outcomes,detector/timing N=300 checks plus object-list degradation and boundary N=100 screens,"layered coverage, not a fully factorial raw-camera/LiDAR validation campaign",simulation_protocol_registry.csv
a_protocol_to_claim_matrix,nis_diagnostics,NIS noise and outlier diagnostics,odd_split,ODD / split,0,not a claim support in this layer,,nis_noise_diagnostic; nis_outlier_diagnostic,FAIL; FAIL,NIS Response and Outlier Diagnostics,N=100 QGIP episodes per NIS noise or outlier condition,"closed-loop diagnostic response, not final real-sensor calibration",simulation_protocol_registry.csv
a_protocol_to_claim_matrix,nis_diagnostics,NIS noise and outlier diagnostics,target_consistency,target consistency,1,context or boundary support,C,nis_noise_diagnostic; nis_outlier_diagnostic,FAIL; FAIL,NIS Response and Outlier Diagnostics,N=100 QGIP episodes per NIS noise or outlier condition,"closed-loop diagnostic response, not final real-sensor calibration",simulation_protocol_registry.csv
a_protocol_to_claim_matrix,nis_diagnostics,NIS noise and outlier diagnostics,finite_sample_safety,finite-sample safety,1,context or boundary support,C,nis_noise_diagnostic; nis_outlier_diagnostic,FAIL; FAIL,NIS Response and Outlier Diagnostics,N=100 QGIP episodes per NIS noise or outlier condition,"closed-loop diagnostic response, not final real-sensor calibration",simulation_protocol_registry.csv
a_protocol_to_claim_matrix,nis_diagnostics,NIS noise and outlier diagnostics,uncertainty_response,uncertainty response,3,primary direct evidence for this claim axis,D,nis_noise_diagnostic; nis_outlier_diagnostic,FAIL; FAIL,NIS Response and Outlier Diagnostics,N=100 QGIP episodes per NIS noise or outlier condition,"closed-loop diagnostic response, not final real-sensor calibration",simulation_protocol_registry.csv
a_protocol_to_claim_matrix,nis_diagnostics,NIS noise and outlier diagnostics,reproducibility,reproducibility / provenance,1,context or boundary support,C,nis_noise_diagnostic; nis_outlier_diagnostic,FAIL; FAIL,NIS Response and Outlier Diagnostics,N=100 QGIP episodes per NIS noise or outlier condition,"closed-loop diagnostic response, not final real-sensor calibration",simulation_protocol_registry.csv
a_protocol_to_claim_matrix,claim_statistics,Statistical and claim traceability,odd_split,ODD / split,2,supporting quantitative/audit evidence,S,statistical_traceability; safety_case_claim_graph,PASS; PASS,Claim-to-Evidence Traceability; Claim-to-evidence traceability,"36 statistical checks, 8 claim-evidence rows, and 12 safety-case nodes","processed-source audit and claim-discipline layer, not raw CARLA rerun evidence",simulation_protocol_registry.csv
a_protocol_to_claim_matrix,claim_statistics,Statistical and claim traceability,target_consistency,target consistency,2,supporting quantitative/audit evidence,S,statistical_traceability; safety_case_claim_graph,PASS; PASS,Claim-to-Evidence Traceability; Claim-to-evidence traceability,"36 statistical checks, 8 claim-evidence rows, and 12 safety-case nodes","processed-source audit and claim-discipline layer, not raw CARLA rerun evidence",simulation_protocol_registry.csv
a_protocol_to_claim_matrix,claim_statistics,Statistical and claim traceability,finite_sample_safety,finite-sample safety,3,primary direct evidence for this claim axis,D,statistical_traceability; safety_case_claim_graph,PASS; PASS,Claim-to-Evidence Traceability; Claim-to-evidence traceability,"36 statistical checks, 8 claim-evidence rows, and 12 safety-case nodes","processed-source audit and claim-discipline layer, not raw CARLA rerun evidence",simulation_protocol_registry.csv
a_protocol_to_claim_matrix,claim_statistics,Statistical and claim traceability,uncertainty_response,uncertainty response,2,supporting quantitative/audit evidence,S,statistical_traceability; safety_case_claim_graph,PASS; PASS,Claim-to-Evidence Traceability; Claim-to-evidence traceability,"36 statistical checks, 8 claim-evidence rows, and 12 safety-case nodes","processed-source audit and claim-discipline layer, not raw CARLA rerun evidence",simulation_protocol_registry.csv
a_protocol_to_claim_matrix,claim_statistics,Statistical and claim traceability,reproducibility,reproducibility / provenance,2,supporting quantitative/audit evidence,S,statistical_traceability; safety_case_claim_graph,PASS; PASS,Claim-to-Evidence Traceability; Claim-to-evidence traceability,"36 statistical checks, 8 claim-evidence rows, and 12 safety-case nodes","processed-source audit and claim-discipline layer, not raw CARLA rerun evidence",simulation_protocol_registry.csv
a_protocol_to_claim_matrix,artifact_reproducibility,Figure/table/source-data QA,odd_split,ODD / split,1,context or boundary support,C,figure_table_reproduction,FAIL,Claim-to-Evidence Traceability,"publication figure QA, table source mapping, source-data provenance, and local deposit metadata","production and provenance QA, not target-journal production review or DOI publication",simulation_protocol_registry.csv
a_protocol_to_claim_matrix,artifact_reproducibility,Figure/table/source-data QA,target_consistency,target consistency,1,context or boundary support,C,figure_table_reproduction,FAIL,Claim-to-Evidence Traceability,"publication figure QA, table source mapping, source-data provenance, and local deposit metadata","production and provenance QA, not target-journal production review or DOI publication",simulation_protocol_registry.csv
a_protocol_to_claim_matrix,artifact_reproducibility,Figure/table/source-data QA,finite_sample_safety,finite-sample safety,1,context or boundary support,C,figure_table_reproduction,FAIL,Claim-to-Evidence Traceability,"publication figure QA, table source mapping, source-data provenance, and local deposit metadata","production and provenance QA, not target-journal production review or DOI publication",simulation_protocol_registry.csv
a_protocol_to_claim_matrix,artifact_reproducibility,Figure/table/source-data QA,uncertainty_response,uncertainty response,1,context or boundary support,C,figure_table_reproduction,FAIL,Claim-to-Evidence Traceability,"publication figure QA, table source mapping, source-data provenance, and local deposit metadata","production and provenance QA, not target-journal production review or DOI publication",simulation_protocol_registry.csv
a_protocol_to_claim_matrix,artifact_reproducibility,Figure/table/source-data QA,reproducibility,reproducibility / provenance,3,primary direct evidence for this claim axis,D,figure_table_reproduction,FAIL,Claim-to-Evidence Traceability,"publication figure QA, table source mapping, source-data provenance, and local deposit metadata","production and provenance QA, not target-journal production review or DOI publication",simulation_protocol_registry.csv
b_evidence_inventory,registered_protocols,registered protocols,inventory_count,machine-readable rows,21,count of current machine-readable rows,21,,PASS,,21 rows,inventory count supports traceability; it is not new experimental evidence,simulation_protocol_registry.csv
b_evidence_inventory,claim_evidence_rows,claim-evidence rows,inventory_count,machine-readable rows,8,count of current machine-readable rows,8,,PASS,,8 rows,inventory count supports traceability; it is not new experimental evidence,claim_evidence_matrix.csv
b_evidence_inventory,statistical_checks,statistical checks,inventory_count,machine-readable rows,36,count of current machine-readable rows,36,,PASS,,36 rows,inventory count supports traceability; it is not new experimental evidence,statistical_claim_audit.csv
b_evidence_inventory,pre_real_robot_gates,pre-real-robot gates,inventory_count,machine-readable rows,23,count of current machine-readable rows,23,,PASS,,23 rows,inventory count supports traceability; it is not new experimental evidence,pre_real_robot_gate_audit.csv
b_evidence_inventory,safety_case_nodes,safety-case nodes,inventory_count,machine-readable rows,12,count of current machine-readable rows,12,,PASS,,12 rows,inventory count supports traceability; it is not new experimental evidence,safety_case_claim_graph.csv
