stage,time_s,mode,measurement,belief_x_m,belief_y_m,truth_x_m,truth_y_m,nis,sigma_m,controller,condition_id,method,layer,scenario,n,success_count,success_rate,success_ci95_low,success_ci95_high,collision_count,collision_rate,collision_ci95_low,collision_ci95_high,zero_collision_rule3_upper,lost_count,lost_rate,lost_ci95_low,lost_ci95_high,setup_fail_count,setup_fail_rate,setup_fail_ci95_low,setup_fail_ci95_high,valid_degradation_count,valid_degradation_rate,valid_degradation_ci95_low,valid_degradation_ci95_high,near_miss_count,near_miss_rate,near_miss_ci95_low,near_miss_ci95_high,jerk_mean,jerk_p95,jerkp95_mean,jerkp95_p95,mindistance_mean,mindistance_p95,minttc_mean,minttc_p95,minheadway_mean,minheadway_p95,recoverytime_mean,recoverytime_p95,leaderacc_mean,leaderacc_p95,leaderframes_mean,leaderframes_p95,wrongleaderframes_mean,wrongleaderframes_p95,idswitches_mean,idswitches_p95,nisframes_mean,nisframes_p95,nismean_mean,nismean_p95,nisp95_mean,nisp95_p95,nissoftviolations_mean,nissoftviolations_p95,nishardviolations_mean,nishardviolations_p95,kfinitupdates_mean,kfinitupdates_p95,kfnormalupdates_mean,kfnormalupdates_p95,kfsoftupdates_mean,kfsoftupdates_p95,kfhardresets_mean,kfhardresets_p95,kfhardrejects_mean,kfhardrejects_p95,kfpredictframes_mean,kfpredictframes_p95
active update,0.0,TRACK,1.0,0.0,4.0,0.0,4.1,3.2,0.35,track,,,,,,,,,,,,,,,,,,,,,,,,,,,,,,,,,,,,,,,,,,,,,,,,,,,,,,,,,,,,,,,,,,,,,,,,
ghost prediction,0.55,GHOST,0.0,0.25,8.7,0.45,9.1,12.4,1.1,slow,,,,,,,,,,,,,,,,,,,,,,,,,,,,,,,,,,,,,,,,,,,,,,,,,,,,,,,,,,,,,,,,,,,,,,,,
re-association,1.1,RESET,1.0,0.85,13.0,0.95,13.2,21.5,0.55,recover,,,,,,,,,,,,,,,,,,,,,,,,,,,,,,,,,,,,,,,,,,,,,,,,,,,,,,,,,,,,,,,,,,,,,,,,
prolonged loss boundary,1.55,SAFE STOP,0.0,1.1,15.2,1.35,15.7,24.2,1.45,stop,,,,,,,,,,,,,,,,,,,,,,,,,,,,,,,,,,,,,,,,,,,,,,,,,,,,,,,,,,,,,,,,,,,,,,,,
,,,,,,,,,,,noise_02,qgip,detector,following,100.0,76.0,0.76,0.6676766365018553,0.8330867444305122,0.0,0.0,3.469446951953614e-18,0.0369934982069856,0.03,24.0,0.24,0.1669132555694877,0.3323233634981447,0.0,0.0,3.469446951953614e-18,0.0369934982069856,0.0,0.0,3.469446951953614e-18,0.0369934982069856,0.0,0.0,3.469446951953614e-18,0.0369934982069856,0.0809152101812305,0.2440391483504447,0.0561706705226836,0.391738367298414,14.97759783744812,15.013356971740723,,,,,,,1.0,1.0,470.35,500.0,0.0,0.0,0.0,0.0,470.35,500.0,0.4045026089429863,0.552994411267102,1.432318210580682,2.3285843575802665,0.0,0.0,0.0,0.0,1.0,1.0,469.35,499.0,0.0,0.0,0.0,0.0,0.0,0.0,0.0,0.0
,,,,,,,,,,,noise_05,qgip,detector,following,100.0,76.0,0.76,0.6676766365018553,0.8330867444305122,0.0,0.0,3.469446951953614e-18,0.0369934982069856,0.03,24.0,0.24,0.1669132555694877,0.3323233634981447,0.0,0.0,3.469446951953614e-18,0.0369934982069856,0.0,0.0,3.469446951953614e-18,0.0369934982069856,0.0,0.0,3.469446951953614e-18,0.0369934982069856,0.0808851183437765,0.2441077026940458,0.0561921675600864,0.3917568745922581,14.97759786605835,15.013356971740723,,,,,,,1.0,1.0,470.35,500.0,0.0,0.0,0.0,0.0,470.35,500.0,1.3452141253692675,1.5004703159152872,3.757379128559591,4.100972324795055,0.0,0.0,0.0,0.0,1.0,1.0,469.35,499.0,0.0,0.0,0.0,0.0,0.0,0.0,0.0,0.0
,,,,,,,,,,,noise_10,qgip,detector,following,100.0,76.0,0.76,0.6676766365018553,0.8330867444305122,0.0,0.0,3.469446951953614e-18,0.0369934982069856,0.03,24.0,0.24,0.1669132555694877,0.3323233634981447,0.0,0.0,3.469446951953614e-18,0.0369934982069856,0.0,0.0,3.469446951953614e-18,0.0369934982069856,0.0,0.0,3.469446951953614e-18,0.0369934982069856,0.080891919008958,0.2441033724878369,0.0561326222620495,0.3915488078295349,14.977597799301147,15.013356971740723,,,,,,,1.0,1.0,470.35,500.0,0.0,0.0,0.0,0.0,470.35,500.0,4.412705000057144,4.598291723351719,13.118253428189732,13.616326734328762,33.93,38.0,2.91,4.0,1.0,1.0,435.42,464.0,31.02,35.0,2.91,4.0,0.0,0.0,0.0,0.0
,,,,,,,,,,,fp10_idswitch20_noise05,qgip,detector,combined_outlier_ambiguity,100.0,75.0,0.75,0.656955364519384,0.8245478863771232,0.0,0.0,3.469446951953614e-18,0.0369934982069856,0.03,25.0,0.25,0.1754521136228767,0.343044635480616,0.0,0.0,3.469446951953614e-18,0.0369934982069856,0.0,0.0,3.469446951953614e-18,0.0369934982069856,0.0,0.0,3.469446951953614e-18,0.0369934982069856,0.0534444523287045,0.2011025663701234,0.0151294093816591,0.0198275191633294,15.007710151672365,15.013112878799438,,,,,,,0.8490585209414462,0.998,486.85,500.0,74.36,268.0999999999999,89.77,241.35,486.85,500.0,240.6521465564795,1095.3663176296982,1506.272340436786,7526.159206523917,75.23,197.6,72.23,183.05,1.0,1.0,410.62,497.0,3.0,9.0,72.23,183.05,0.0,0.0,0.0,0.0
,,,,,,,,,,,fp_10,qgip,detector,adjacent_lane_distractor,100.0,75.0,0.75,0.656955364519384,0.8245478863771232,0.0,0.0,3.469446951953614e-18,0.0369934982069856,0.03,25.0,0.25,0.1754521136228767,0.343044635480616,0.0,0.0,3.469446951953614e-18,0.0369934982069856,0.0,0.0,3.469446951953614e-18,0.0369934982069856,0.0,0.0,3.469446951953614e-18,0.0369934982069856,0.0534481743572985,0.2010845764248062,0.0151948549909449,0.0206729157691772,15.007710161209106,15.013112878799438,,,,,,,0.8419733944920659,0.9922,486.85,500.0,77.88,279.29999999999995,84.41,207.65,486.85,500.0,256.78294100690835,1071.5914277009003,1621.7783362914736,7395.638380867094,82.54,193.5,80.42,182.4,1.0,1.0,403.31,491.2,2.12,8.099999999999994,80.42,182.4,0.0,0.0,0.0,0.0
,,,,,,,,,,,idswitch_20,qgip,detector,cut_in_cut_out,100.0,75.0,0.75,0.656955364519384,0.8245478863771232,0.0,0.0,3.469446951953614e-18,0.0369934982069856,0.03,25.0,0.25,0.1754521136228767,0.343044635480616,0.0,0.0,3.469446951953614e-18,0.0369934982069856,0.0,0.0,3.469446951953614e-18,0.0369934982069856,0.0,0.0,3.469446951953614e-18,0.0369934982069856,0.0534170648952975,0.2010802012670469,0.0151516023867231,0.0198275191633294,15.007710161209106,15.013112878799438,,,,,,,0.9016689757865236,1.0,486.85,500.0,48.87,239.3499999999999,45.97,201.4,486.85,500.0,155.37835304810733,1127.5787080769314,971.7909138616797,8473.335135828596,26.44,141.34999999999997,25.93,132.45,1.0,1.0,459.41,499.0,0.51,1.0499999999999972,25.93,132.45,0.0,0.0,0.0,0.0
