mode,object,lateral_m,longitudinal_m,attention,selected,role,score_type,condition_id,reference_method,comparison_method,paired_n,success_ref_rate,success_cmp_rate,success_diff_ref_minus_cmp,success_discordant_ref0_cmp1,success_discordant_ref1_cmp0,success_mcnemar_p,collision_ref_rate,collision_cmp_rate,collision_diff_ref_minus_cmp,collision_discordant_ref0_cmp1,collision_discordant_ref1_cmp0,collision_mcnemar_p,lost_ref_rate,lost_cmp_rate,lost_diff_ref_minus_cmp,lost_discordant_ref0_cmp1,lost_discordant_ref1_cmp0,lost_mcnemar_p,near_miss_ref_rate,near_miss_cmp_rate,near_miss_diff_ref_minus_cmp,near_miss_discordant_ref0_cmp1,near_miss_discordant_ref1_cmp0,near_miss_mcnemar_p,leaderacc_paired_n,leaderacc_ref_mean,leaderacc_cmp_mean,leaderacc_diff_ref_minus_cmp,leaderacc_diff_ci95_low,leaderacc_diff_ci95_high,wrongleaderframes_paired_n,wrongleaderframes_ref_mean,wrongleaderframes_cmp_mean,wrongleaderframes_diff_ref_minus_cmp,wrongleaderframes_diff_ci95_low,wrongleaderframes_diff_ci95_high,idswitches_paired_n,idswitches_ref_mean,idswitches_cmp_mean,idswitches_diff_ref_minus_cmp,idswitches_diff_ci95_low,idswitches_diff_ci95_high,suite,method,display,leaderacc_mean,idswitches_mean,wrongleaderframes_mean
follow leader,ego,0.0,1.4,0.0,0.0,ego,relative target score,,,,,,,,,,,,,,,,,,,,,,,,,,,,,,,,,,,,,,,,,,,,,,,,,,,,
follow leader,same lane,0.0,8.0,0.95,1.0,same-lane leader,relative target score,,,,,,,,,,,,,,,,,,,,,,,,,,,,,,,,,,,,,,,,,,,,,,,,,,,,
follow leader,far leader,0.0,17.6,0.1,0.0,far leader,relative target score,,,,,,,,,,,,,,,,,,,,,,,,,,,,,,,,,,,,,,,,,,,,,,,,,,,,
follow leader,left lane,-2.35,10.0,0.05,0.0,left-lane vehicle,relative target score,,,,,,,,,,,,,,,,,,,,,,,,,,,,,,,,,,,,,,,,,,,,,,,,,,,,
follow leader,right lane,2.35,7.3,0.02,0.0,right-lane vehicle,relative target score,,,,,,,,,,,,,,,,,,,,,,,,,,,,,,,,,,,,,,,,,,,,,,,,,,,,
lane change left,ego,0.0,1.4,0.0,0.0,ego,relative target score,,,,,,,,,,,,,,,,,,,,,,,,,,,,,,,,,,,,,,,,,,,,,,,,,,,,
lane change left,same lane,0.0,8.0,0.3,0.0,same-lane leader,relative target score,,,,,,,,,,,,,,,,,,,,,,,,,,,,,,,,,,,,,,,,,,,,,,,,,,,,
lane change left,far leader,0.0,17.6,0.05,0.0,far leader,relative target score,,,,,,,,,,,,,,,,,,,,,,,,,,,,,,,,,,,,,,,,,,,,,,,,,,,,
lane change left,left lane,-2.35,10.0,0.85,1.0,target-lane vehicle,relative target score,,,,,,,,,,,,,,,,,,,,,,,,,,,,,,,,,,,,,,,,,,,,,,,,,,,,
lane change left,right lane,2.35,7.3,0.01,0.0,right-lane vehicle,relative target score,,,,,,,,,,,,,,,,,,,,,,,,,,,,,,,,,,,,,,,,,,,,,,,,,,,,
,,,,,,,,fp_10,qgip,qgip_no_query,300.0,0.73,0.73,0.0,0.0,0.0,1.0,0.0,0.0,0.0,0.0,0.0,1.0,0.27,0.27,0.0,0.0,0.0,1.0,0.0,0.0,0.0,0.0,0.0,1.0,300.0,0.8624215918785185,0.5316686851212985,0.33075290675722,0.303690208002269,0.3584572628810324,300.0,66.59666666666666,221.34,-154.74333333333334,-168.0535,-141.31641666666667,300.0,62.54666666666667,151.1266666666667,-88.58,-97.54,-79.88333333333334,ambiguity300,,,,,
,,,,,,,,fp_10,qgip,rule,300.0,0.73,0.73,0.0,0.0,0.0,1.0,0.0,0.0,0.0,0.0,0.0,1.0,0.27,0.27,0.0,0.0,0.0,1.0,0.0,0.0,0.0,0.0,0.0,1.0,300.0,0.8624215918785185,0.4378830958284645,0.424538496050054,0.3781848162239664,0.4709139412138438,300.0,66.59666666666666,269.74,-203.14333333333332,-226.0305,-180.32941666666667,300.0,62.54666666666667,57.05,5.496666666666667,-0.76675,11.85675,ambiguity300,,,,,
,,,,,,,,idswitch,qgip,rule,300.0,0.73,0.73,0.0,0.0,0.0,1.0,0.0,0.0,0.0,0.0,0.0,1.0,0.27,0.27,0.0,0.0,0.0,1.0,0.0,0.0,0.0,0.0,0.0,1.0,300.0,0.9067758293373528,0.4765061331844522,0.4302696961529004,0.3792426437722714,0.4783107090374636,300.0,46.24,251.9933333333333,-205.75333333333333,-229.7635,-180.6496666666667,300.0,39.196666666666665,155.16666666666666,-115.97,-123.29675,-108.46,ambiguity300,,,,,
,,,,,,,,idswitch,qgip,std_kf,300.0,0.73,0.73,0.0,0.0,0.0,1.0,0.0,0.0,0.0,0.0,0.0,1.0,0.27,0.27,0.0,0.0,0.0,1.0,0.0,0.0,0.0,0.0,0.0,1.0,300.0,0.9067758293373528,0.5604415650178647,0.346334264319488,0.3143541758116024,0.3783867535198071,300.0,46.24,207.95333333333332,-161.71333333333334,-176.86008333333334,-146.47608333333332,300.0,39.196666666666665,180.60666666666663,-141.41,-149.67341666666667,-133.33625,ambiguity300,,,,,
,,,,,,,,fp_10,,,,,,,,,,,,,,,,,,,,,,,,,,,,,,,,,,,,,,,,,,,,,,,rule,Rule,0.4378830958284645,57.05,269.74
,,,,,,,,fp_10,,,,,,,,,,,,,,,,,,,,,,,,,,,,,,,,,,,,,,,,,,,,,,,qgip_no_query,No query,0.5316686851212985,151.1266666666667,221.34
,,,,,,,,fp_10,,,,,,,,,,,,,,,,,,,,,,,,,,,,,,,,,,,,,,,,,,,,,,,qgip,QGIP,0.8624215918785185,62.54666666666667,66.59666666666666
,,,,,,,,idswitch,,,,,,,,,,,,,,,,,,,,,,,,,,,,,,,,,,,,,,,,,,,,,,,rule,Rule,0.4765061331844522,155.16666666666666,251.9933333333333
,,,,,,,,idswitch,,,,,,,,,,,,,,,,,,,,,,,,,,,,,,,,,,,,,,,,,,,,,,,std_kf,Std KF,0.5604415650178647,180.60666666666663,207.95333333333332
,,,,,,,,idswitch,,,,,,,,,,,,,,,,,,,,,,,,,,,,,,,,,,,,,,,,,,,,,,,qgip,QGIP,0.9067758293373528,39.196666666666665,46.24
