condition_id,method,display,leaderacc_mean,idswitches_mean,wrongleaderframes_mean
fp_10,rule,Rule,0.4378830958284645,57.05,269.74
fp_10,qgip_no_query,No query,0.5316686851212985,151.12666666666667,221.34
fp_10,qgip,QGIP,0.8624215918785185,62.54666666666667,66.59666666666666
idswitch,rule,Rule,0.47650613318445223,155.16666666666666,251.99333333333334
idswitch,std_kf,Std KF,0.5604415650178647,180.60666666666665,207.95333333333335
idswitch,qgip,QGIP,0.9067758293373527,39.196666666666665,46.24
fp_20,rule,Rule,0.3682073295511065,105.36,303.41
fp_20,qgip_no_query,No query,0.4836783062682324,189.65,242.77
fp_20,qgip,QGIP,0.8042903055236107,111.67,94.12
idswitch_40,rule,Rule,0.4390339694778737,225.76,270.57
idswitch_40,std_kf,Std KF,0.5442825810902759,228.27,212.95
idswitch_40,qgip,QGIP,0.9097206960364327,46.28,44.84
fp20_idswitch20,rule,Rule,0.36167032467792065,237.36,306.72
fp20_idswitch20,qgip_no_query,No query,0.4784864513675539,260.07,245.45
fp20_idswitch20,qgip,QGIP,0.8002220690924579,126.54,96.37
