audit_id,reader_question,manuscript_region,required_signal,actual_evidence,status,source_artifact,boundary
paper_type_signal,What kind of paper is this?,"title, abstract, method",extended simulation-first manuscript; target-belief-to-control; carla,found: extended simulation-first manuscript; target-belief-to-control; carla,PASS,RA_L_extended_working.tex,"Algorithmic/methods paper logic is explicit: system contract first, then controlled evidence."
relevance_problem_signal,Is this relevant to me?,abstract and introduction,perception uncertainty; structured-road operational design domain; safety-critical control system; resilience,found: perception uncertainty; structured-road operational design domain; safety-critical control system; resilience,PASS,RA_L_extended_working.tex,Relevance is bounded to structured-road following rather than all autonomous driving.
novelty_signal,What is new here?,introduction and method,intent-to-belief interface; predictive object permanence; nis-gated; collision-feasibility filtering,found: intent-to-belief interface; predictive object permanence; nis-gated; collision-feasibility filtering,PASS,RA_L_extended_working.tex,"Novelty is framed as an interface and system contract, not as an invented safety proof."
trust_evidence_signal,Do I trust the evidence?,abstract and experiments,n=300; paired bootstrap intervals; leaderacc; rule of three,found: n=300; paired bootstrap intervals; leaderacc; rule of three,PASS,RA_L_extended_working.tex,Trust is based on paired stress protocols and finite-sample uncertainty language.
reuse_methods_signal,Can I reproduce or reuse the method?,method and experiments,tau_{soft}=12.0; tau_{hard}=20.0; gamma=10.0; t_g=30; paired random seeds,found: tau_{soft}=12.0; tau_{hard}=20.0; gamma=10.0; t_g=30; paired random seeds,PASS,RA_L_extended_working.tex,Reusability is limited to staged source data and documented protocols until raw reruns are deposited.
split_traceability_signal,Is the data split defensible?,dataset split and audit trail,4050 generated paths; 450 paths; 500 town05 paths; zero missing files; zero train--validation,found: 4050 generated paths; 450 paths; 500 town05 paths; zero missing files; zero train--validation,PASS,RA_L_extended_working.tex,"Split audit proves file-level separation only, not unrestricted map-level generalization."
route_target_separation_signal,Is the central claim measured with the right metric?,evaluation metrics and ambiguity stress,separate physical safety from task availability; route-level success is similar; leader-selection metrics; target consistency,found: separate physical safety from task availability; route-level success is similar; leader-selection metrics; target consistency,PASS,RA_L_extended_working.tex,The paper avoids using equal route completion as evidence for query-guidance superiority.
main_discriminator_signal,What actually improves?,ablation and ambiguity stress,86.2\%; 90.7\%; +0.331; +0.346; 39.2,found: 86.2\%; 90.7\%; +0.331; +0.346; 39.2,PASS,RA_L_extended_working.tex,"Improvement is target consistency under ambiguity, not universal completion."
boundary_stress_signal,Where does the result weaken?,boundary stress summary and stress synthesis,fp20\_idswitch20; 80.0\%; 126.5 per episode; boundary result,found: fp20\_idswitch20; 80.0\%; 126.5 per episode; boundary result,PASS,RA_L_extended_working.tex,Boundary stress is retained as non-saturated supplemental evidence.
nis_diagnostic_signal,Does uncertainty instrumentation respond?,NIS response and outlier diagnostics,nis p95; soft and hard gates; hard resets; detector inconsistency,found: nis p95; soft and hard gates; hard resets; detector inconsistency,PASS,RA_L_extended_working.tex,"NIS evidence is diagnostic, not real-sensor calibration or ROS2 proof."
claim_evidence_signal,Can claims be traced to artifacts?,claim-to-evidence traceability,evidentiary contract; primary quantitative support; boundary of interpretation; source artifact,found: evidentiary contract; primary quantitative support; boundary of interpretation; source artifact,PASS,RA_L_extended_working.tex,Traceability prevents stronger claims than the staged evidence can support.
negative_claim_signal,Are overclaims actively blocked?,claim-to-evidence traceability and limitations,not as a proof of zero risk; not treated as evidence that the learned selector improves mission completion; not included in the present evaluation,found: not as a proof of zero risk; not treated as evidence that the learned selector improves mission completion; not included in the present evaluation,PASS,RA_L_extended_working.tex,Negative-claim controls are required because zero-collision and equal-success results are easy to overread.
real_world_boundary_signal,Where does the current evidence stop?,future validation and limitations,simulation-only; ros2 wheeled-robot trials are the next validation layer; not as a replacement for full-size vehicle validation,found: simulation-only; ros2 wheeled-robot trials are the next validation layer; not as a replacement for full-size vehicle validation,PASS,RA_L_extended_working.tex,This audit does not prove physical robot validation.
offline_dryrun_boundary_signal,Is the offline real-robot preflight evidence framed correctly?,future validation and dry-run figure,"ROS2-less offline dry-run diagnostic; not a ROS2 build, launch, rosbag, timing, or physical robot trial result","found: ROS2-less offline dry-run diagnostic; not a ROS2 build, launch, rosbag, timing, or physical robot trial result",PASS,RA_L_extended_working.tex,"The dry-run is useful as a deterministic preflight smoke test, not as real-middleware or robot evidence."
pre_real_gate_signal,Are real-robot go/no-go gates visible before physical claims?,future validation and gate audit table,Pre-real-robot go/no-go gate audit; pre\_real\_robot\_gate\_audit.csv; before any physical closed-loop claim is made,found: Pre-real-robot go/no-go gate audit; pre\_real\_robot\_gate\_audit.csv; before any physical closed-loop claim is made,PASS,RA_L_extended_working.tex,Go/no-go gates are documented for staged execution while explicitly blocking physical claims until runtime evidence exists.
safety_case_signal,Is the safety argument organized as a bounded claim graph rather than a certification claim?,claim-to-evidence traceability and reviewer-risk controls,safety-case claim graph; top-level simulation-first safety argument; remaining external validation gap; rather than a certification or real-world safety case,found: safety-case claim graph; top-level simulation-first safety argument; remaining external validation gap; rather than a certification or real-world safety case,PASS,RA_L_extended_working.tex,The safety-case graph disciplines the argument without converting simulation evidence into certification.
deployment_boundary_signal,Is runtime deployment framed honestly?,runtime and deployment boundary,desktop gpu; future ros2 validation should measure latency mean/p95/p99; synthetic telemetry-parser dry run; instrumentation readiness rather than hil timing,found: desktop gpu; future ros2 validation should measure latency mean/p95/p99; synthetic telemetry-parser dry run; instrumentation readiness rather than hil timing,PASS,RA_L_extended_working.tex,Runtime claims remain pre-deployment until robot-computer timing is measured.
limitations_completeness_signal,Are failure modes visible?,discussion and limitations,constant-velocity assumption; query dependence; red-light infraction; semantic rule compliance,found: constant-velocity assumption; query dependence; red-light infraction; semantic rule compliance,PASS,RA_L_extended_working.tex,Limitations identify transfer risks rather than hiding them in future work.
conclusion_hourglass_signal,"Does the conclusion close with contribution, evidence, and boundary?",conclusion,central contribution; current carla results; before treating ros2 wheeled-robot deployment as a later validation step,found: central contribution; current carla results; before treating ros2 wheeled-robot deployment as a later validation step,PASS,RA_L_extended_working.tex,Conclusion widens back to implication without introducing new evidence.
forbidden_overclaim_screen,Does the paper avoid unsupported deployment claims?,full manuscript,No unsupported safety-certification or physical-validation phrases.,forbidden phrases present: none,PASS,RA_L_extended_working.tex,Screening is lexical; expert review is still required.
source_traceability_alignment,Do narrative claims align with machine-readable evidence?,source-data package,"8 claim-evidence rows, 36 PASS statistical checks, 12 PASS behavior dry-run checks, 11 PASS ROS2 workspace CI checks, 15 PASS runtime telemetry checks, 16 PASS telemetry parser dry-run checks, 17 PASS HIL replay-manifest checks, 23 PASS pre-real gate checks, and 12 PASS safety-case nodes.",claim_evidence_rows=8; statistical_rows=36; statistical_all_pass=True; dryrun_rows=12; dryrun_all_pass=True; ci_rows=11; ci_all_pass=True; telemetry_rows=15; telemetry_all_pass=True; telemetry_dryrun_rows=16; telemetry_dryrun_all_pass=True; hil_rows=17; hil_all_pass=True; gate_rows=23; gate_all_pass=True; safety_case_rows=12; safety_case_all_pass=True,PASS,claim_evidence_matrix.csv; statistical_claim_audit.csv; real_robot_offline_dryrun_summary.csv; ros2_workspace_ci_audit.csv; ros2_runtime_telemetry_audit.csv; ros2_runtime_telemetry_dryrun_summary.csv; ros2_hil_replay_manifest_audit.csv; pre_real_robot_gate_audit.csv; safety_case_claim_graph.csv,"Alignment check covers processed artifacts and preflight audits, not raw CARLA reruns, ROS2 bags, or physical robot trials."
line_anchor_check,Can key narrative gates be located quickly?,line anchors,Main argument gates have concrete line anchors.,simulation-first=line 46; claim-to-evidence=line 510; simulation-only=line 127; conclusion=line 600,PASS,RA_L_extended_working.tex,Line anchors aid review but do not replace content judgment.
