condition_id,reference_method,comparison_method,paired_n,success_ref_rate,success_cmp_rate,success_diff_ref_minus_cmp,success_discordant_ref0_cmp1,success_discordant_ref1_cmp0,success_mcnemar_p,collision_ref_rate,collision_cmp_rate,collision_diff_ref_minus_cmp,collision_discordant_ref0_cmp1,collision_discordant_ref1_cmp0,collision_mcnemar_p,lost_ref_rate,lost_cmp_rate,lost_diff_ref_minus_cmp,lost_discordant_ref0_cmp1,lost_discordant_ref1_cmp0,lost_mcnemar_p,near_miss_ref_rate,near_miss_cmp_rate,near_miss_diff_ref_minus_cmp,near_miss_discordant_ref0_cmp1,near_miss_discordant_ref1_cmp0,near_miss_mcnemar_p,leaderacc_paired_n,leaderacc_ref_mean,leaderacc_cmp_mean,leaderacc_diff_ref_minus_cmp,leaderacc_diff_ci95_low,leaderacc_diff_ci95_high,wrongleaderframes_paired_n,wrongleaderframes_ref_mean,wrongleaderframes_cmp_mean,wrongleaderframes_diff_ref_minus_cmp,wrongleaderframes_diff_ci95_low,wrongleaderframes_diff_ci95_high,idswitches_paired_n,idswitches_ref_mean,idswitches_cmp_mean,idswitches_diff_ref_minus_cmp,idswitches_diff_ci95_low,idswitches_diff_ci95_high,suite
fp_10,qgip,qgip_no_query,300,0.73,0.73,0.0,0,0,1.0,0.0,0.0,0.0,0,0,1.0,0.27,0.27,0.0,0,0,1.0,0.0,0.0,0.0,0,0,1.0,300,0.8624215918785185,0.5316686851212985,0.33075290675722,0.303690208002269,0.35845726288103247,300,66.59666666666666,221.34,-154.74333333333334,-168.0535,-141.31641666666667,300,62.54666666666667,151.12666666666667,-88.58,-97.54,-79.88333333333334,ambiguity300
fp_10,qgip,rule,300,0.73,0.73,0.0,0,0,1.0,0.0,0.0,0.0,0,0,1.0,0.27,0.27,0.0,0,0,1.0,0.0,0.0,0.0,0,0,1.0,300,0.8624215918785185,0.4378830958284645,0.424538496050054,0.37818481622396644,0.47091394121384383,300,66.59666666666666,269.74,-203.14333333333335,-226.0305,-180.32941666666667,300,62.54666666666667,57.05,5.496666666666667,-0.76675,11.85675,ambiguity300
idswitch,qgip,rule,300,0.73,0.73,0.0,0,0,1.0,0.0,0.0,0.0,0,0,1.0,0.27,0.27,0.0,0,0,1.0,0.0,0.0,0.0,0,0,1.0,300,0.9067758293373527,0.47650613318445223,0.4302696961529004,0.3792426437722714,0.47831070903746364,300,46.24,251.99333333333334,-205.75333333333333,-229.7635,-180.6496666666667,300,39.196666666666665,155.16666666666666,-115.97,-123.29675,-108.46,ambiguity300
idswitch,qgip,std_kf,300,0.73,0.73,0.0,0,0,1.0,0.0,0.0,0.0,0,0,1.0,0.27,0.27,0.0,0,0,1.0,0.0,0.0,0.0,0,0,1.0,300,0.9067758293373527,0.5604415650178647,0.346334264319488,0.3143541758116024,0.3783867535198071,300,46.24,207.95333333333335,-161.71333333333334,-176.86008333333334,-146.47608333333332,300,39.196666666666665,180.60666666666665,-141.41,-149.67341666666667,-133.33625,ambiguity300
delay_200,qgip,imm_kf,300,0.7266666666666667,0.7266666666666667,0.0,0,0,1.0,0.0,0.0,0.0,0,0,1.0,0.2733333333333333,0.2733333333333333,0.0,0,0,1.0,0.0,0.0,0.0,0,0,1.0,300,1.0,1.0,0.0,0.0,0.0,300,0.0,0.0,0.0,0.0,0.0,300,0.0,0.0,0.0,0.0,0.0,detector_timing300
delay_200,qgip,std_kf,300,0.7266666666666667,0.7266666666666667,0.0,0,0,1.0,0.0,0.0,0.0,0,0,1.0,0.2733333333333333,0.2733333333333333,0.0,0,0,1.0,0.0,0.0,0.0,0,0,1.0,300,1.0,1.0,0.0,0.0,0.0,300,0.0,0.0,0.0,0.0,0.0,300,0.0,0.0,0.0,0.0,0.0,detector_timing300
fn_50,qgip,imm_kf,300,0.7266666666666667,0.7266666666666667,0.0,0,0,1.0,0.0,0.0,0.0,0,0,1.0,0.2733333333333333,0.2733333333333333,0.0,0,0,1.0,0.0,0.0,0.0,0,0,1.0,300,1.0,1.0,0.0,0.0,0.0,300,0.0,0.0,0.0,0.0,0.0,300,0.0,0.0,0.0,0.0,0.0,detector_timing300
fn_50,qgip,std_kf,300,0.7266666666666667,0.7266666666666667,0.0,0,0,1.0,0.0,0.0,0.0,0,0,1.0,0.2733333333333333,0.2733333333333333,0.0,0,0,1.0,0.0,0.0,0.0,0,0,1.0,300,1.0,1.0,0.0,0.0,0.0,300,0.0,0.0,0.0,0.0,0.0,300,0.0,0.0,0.0,0.0,0.0,detector_timing300
fp20_idswitch20,qgip,qgip_no_query,100,0.77,0.77,0.0,0,0,1.0,0.0,0.0,0.0,0,0,1.0,0.23,0.23,0.0,0,0,1.0,0.0,0.0,0.0,0,0,1.0,100,0.8002220690924579,0.4784864513675539,0.32173561772490394,0.27856458608603407,0.36660704616813683,100,96.37,245.45,-149.08,-169.65075000000002,-128.72,100,126.54,260.07,-133.53,-145.87,-121.17975000000001,boundary100
fp20_idswitch20,qgip,rule,100,0.77,0.77,0.0,0,0,1.0,0.0,0.0,0.0,0,0,1.0,0.23,0.23,0.0,0,0,1.0,0.0,0.0,0.0,0,0,1.0,100,0.8002220690924579,0.36167032467792065,0.43855174441453726,0.3689475034397671,0.5050136514312594,100,96.37,306.72,-210.35,-243.72025,-176.1395,100,126.54,237.36,-110.82,-124.42,-97.21950000000001,boundary100
fp_20,qgip,qgip_no_query,100,0.77,0.77,0.0,0,0,1.0,0.0,0.0,0.0,0,0,1.0,0.23,0.23,0.0,0,0,1.0,0.0,0.0,0.0,0,0,1.0,100,0.8042903055236107,0.4836783062682324,0.3206119992553783,0.27750170890314685,0.36422664341237304,100,94.12,242.77,-148.65,-170.26,-128.0295,100,111.67,189.65,-77.98,-94.6405,-61.78,boundary100
fp_20,qgip,rule,100,0.77,0.77,0.0,0,0,1.0,0.0,0.0,0.0,0,0,1.0,0.23,0.23,0.0,0,0,1.0,0.0,0.0,0.0,0,0,1.0,100,0.8042903055236107,0.3682073295511065,0.4360829759725041,0.36706318471507016,0.5041355505944526,100,94.12,303.41,-209.29,-243.13075,-176.43825,100,111.67,105.36,6.31,-7.9105,20.590249999999997,boundary100
idswitch_40,qgip,rule,100,0.77,0.77,0.0,0,0,1.0,0.0,0.0,0.0,0,0,1.0,0.23,0.23,0.0,0,0,1.0,0.0,0.0,0.0,0,0,1.0,100,0.9097206960364327,0.4390339694778737,0.470686726558559,0.3875870009760996,0.5514777351122522,100,44.84,270.57,-225.73,-265.32125,-185.27900000000002,100,46.28,225.76,-179.48,-194.32025,-163.72975,boundary100
idswitch_40,qgip,std_kf,100,0.77,0.77,0.0,0,0,1.0,0.0,0.0,0.0,0,0,1.0,0.23,0.23,0.0,0,0,1.0,0.0,0.0,0.0,0,0,1.0,100,0.9097206960364327,0.5442825810902759,0.3654381149461568,0.3086236704216913,0.4239684683790694,100,44.84,212.95,-168.11,-195.353,-141.4695,100,46.28,228.27,-181.99,-196.96025,-166.11875000000003,boundary100
raw_lidar_dropout,qgip,detector_tracker,100,0.76,0.76,0.0,0,0,1.0,0.0,0.0,0.0,0,0,1.0,0.24,0.24,0.0,0,0,1.0,0.0,0.0,0.0,0,0,1.0,100,1.0,1.0,0.0,0.0,0.0,100,0.0,0.0,0.0,0.0,0.0,100,0.0,0.0,0.0,0.0,0.0,boundary100
