figure_id,check_id,requirement,actual,status,source_artifact,boundary
fig_nature_system_evidence,export_bundle,"PDF, SVG, TIFF, and PNG exports exist and are non-empty.",pdf=52573 bytes; svg=41320 bytes; tiff=51449294 bytes; png=560618 bytes,PASS,08_paper_ready_outputs/figures,File presence does not prove visual quality by itself.
fig_nature_system_evidence,manuscript_mirror,Figure exports are mirrored byte-for-byte in the manuscript figure directory.,pdf=match; svg=match; tiff=match; png=match,PASS,01_manuscript/paper_picture,Mirror consistency does not assess final page layout.
fig_nature_system_evidence,tiff_final_size_resolution,"TIFF export is at publication-scale width, 600-dpi class resolution, and within Nature-style height bounds.","4322x2976px; dpi=(600.0,600.0); size=183.0x126.0mm; width_class=double-column",PASS,08_paper_ready_outputs/figures/fig_nature_system_evidence.tiff,Size is inferred from TIFF metadata and does not replace final journal production checks.
fig_nature_system_evidence,png_nonblank_contrast,PNG preview is non-blank and has measurable luminance range.,nonwhite_fraction=0.240; luma_range=255.0; mean_luma=245.4,PASS,08_paper_ready_outputs/figures/fig_nature_system_evidence.png,"Pixel statistics are a screen for blank/clipped exports, not a substitute for visual inspection."
fig_nature_system_evidence,svg_editable_vector_text,SVG keeps text/vector elements editable and avoids embedded raster images for these quantitative/schematic figures.,text_elements=68; embedded_image_tags=0,PASS,08_paper_ready_outputs/figures/fig_nature_system_evidence.svg,SVG text-count screening cannot prove every glyph is editable in all vector editors.
fig_nature_system_evidence,source_data_trace,Each quantitative figure has source-data CSVs in the paper-ready source-data directory.,fig_nature_system_evidence_source.csv=16 rows; stress_summary_combined.csv=27 rows; carla_nis_noise_sweep_qgip100_summary.csv=3 rows; carla_nis_outlier_qgip100_summary.csv=3 rows,PASS,08_paper_ready_outputs/source_data,"Source-data traceability covers processed data, not raw CARLA reruns."
fig_nature_system_evidence,python_generator_export_policy,Python generator declares SVG/PDF font editability settings and scripted export calls.,generator=generate_nature_main_figure.py; svg.fonttype=True; pdf.fonttype=True,PASS,05_analysis_scripts/generate_nature_main_figure.py,Script inspection does not replace opening the vector file in Illustrator/Inkscape.
fig_nature_system_evidence,manuscript_embedding,Figure is embedded in the current manuscript source.,token=fig_nature_system_evidence.pdf; present=True,PASS,01_manuscript/manuscript_current.tex,Embedding check does not inspect exact page placement or typography.
fig_nature_system_evidence,figure_contract,Figure has a declared claim/evidence role in the QA audit.,role=schematic-led composite; contract=System contract plus target-consistency and NIS diagnostic evidence.,PASS,publication_figure_qa.csv,"Contract is a reviewer-facing map, not independent scientific evidence."
fig_query_guided_attention,export_bundle,"PDF, SVG, TIFF, and PNG exports exist and are non-empty.",pdf=22996 bytes; svg=55245 bytes; tiff=26674022 bytes; png=297381 bytes,PASS,08_paper_ready_outputs/figures,File presence does not prove visual quality by itself.
fig_query_guided_attention,manuscript_mirror,Figure exports are mirrored byte-for-byte in the manuscript figure directory.,pdf=match; svg=match; tiff=match; png=match,PASS,01_manuscript/paper_picture,Mirror consistency does not assess final page layout.
fig_query_guided_attention,tiff_final_size_resolution,"TIFF export is at publication-scale width, 600-dpi class resolution, and within Nature-style height bounds.","4173x1598px; dpi=(600.0,600.0); size=176.7x67.6mm; width_class=double-column",PASS,08_paper_ready_outputs/figures/fig_query_guided_attention.tiff,Size is inferred from TIFF metadata and does not replace final journal production checks.
fig_query_guided_attention,png_nonblank_contrast,PNG preview is non-blank and has measurable luminance range.,nonwhite_fraction=0.069; luma_range=255.0; mean_luma=245.8,PASS,08_paper_ready_outputs/figures/fig_query_guided_attention.png,"Pixel statistics are a screen for blank/clipped exports, not a substitute for visual inspection."
fig_query_guided_attention,svg_editable_vector_text,SVG keeps text/vector elements editable and avoids embedded raster images for these quantitative/schematic figures.,text_elements=57; embedded_image_tags=0,PASS,08_paper_ready_outputs/figures/fig_query_guided_attention.svg,SVG text-count screening cannot prove every glyph is editable in all vector editors.
fig_query_guided_attention,source_data_trace,Each quantitative figure has source-data CSVs in the paper-ready source-data directory.,fig_query_guided_attention_source.csv=10 rows,PASS,08_paper_ready_outputs/source_data,"Source-data traceability covers processed data, not raw CARLA reruns."
fig_query_guided_attention,python_generator_export_policy,Python generator declares SVG/PDF font editability settings and scripted export calls.,generator=generate_nature_style_main_figures.py; svg.fonttype=True; pdf.fonttype=True,PASS,05_analysis_scripts/generate_nature_style_main_figures.py,Script inspection does not replace opening the vector file in Illustrator/Inkscape.
fig_query_guided_attention,manuscript_embedding,Figure is embedded in the current manuscript source.,token=fig_query_guided_attention.pdf; present=True,PASS,01_manuscript/manuscript_current.tex,Embedding check does not inspect exact page placement or typography.
fig_query_guided_attention,figure_contract,Figure has a declared claim/evidence role in the QA audit.,role=query-guided attention mechanism schematic; contract=The initial-draft query-guided attention concept is redrawn as a source-data-backed mechanism figure showing how the same scene yields different target attention under different intent queries.,PASS,publication_figure_qa.csv,"Contract is a reviewer-facing map, not independent scientific evidence."
fig_pop_ghost_tracking,export_bundle,"PDF, SVG, TIFF, and PNG exports exist and are non-empty.",pdf=41290 bytes; svg=156111 bytes; tiff=105220062 bytes; png=1001039 bytes,PASS,08_paper_ready_outputs/figures,File presence does not prove visual quality by itself.
fig_pop_ghost_tracking,manuscript_mirror,Figure exports are mirrored byte-for-byte in the manuscript figure directory.,pdf=match; svg=match; tiff=match; png=match,PASS,01_manuscript/paper_picture,Mirror consistency does not assess final page layout.
fig_pop_ghost_tracking,tiff_final_size_resolution,"TIFF export is at publication-scale width, 600-dpi class resolution, and within Nature-style height bounds.","5047x5212px; dpi=(600.0,600.0); size=213.7x220.6mm; width_class=double-column",FAIL,08_paper_ready_outputs/figures/fig_pop_ghost_tracking.tiff,Size is inferred from TIFF metadata and does not replace final journal production checks.
fig_pop_ghost_tracking,png_nonblank_contrast,PNG preview is non-blank and has measurable luminance range.,nonwhite_fraction=0.272; luma_range=255.0; mean_luma=245.1,PASS,08_paper_ready_outputs/figures/fig_pop_ghost_tracking.png,"Pixel statistics are a screen for blank/clipped exports, not a substitute for visual inspection."
fig_pop_ghost_tracking,svg_editable_vector_text,SVG keeps text/vector elements editable and avoids embedded raster images for these quantitative/schematic figures.,text_elements=128; embedded_image_tags=0,PASS,08_paper_ready_outputs/figures/fig_pop_ghost_tracking.svg,SVG text-count screening cannot prove every glyph is editable in all vector editors.
fig_pop_ghost_tracking,source_data_trace,Each quantitative figure has source-data CSVs in the paper-ready source-data directory.,fig_pop_ghost_tracking_source.csv=4 rows,PASS,08_paper_ready_outputs/source_data,"Source-data traceability covers processed data, not raw CARLA reruns."
fig_pop_ghost_tracking,python_generator_export_policy,Python generator declares SVG/PDF font editability settings and scripted export calls.,generator=generate_nature_style_main_figures.py; svg.fonttype=True; pdf.fonttype=True,PASS,05_analysis_scripts/generate_nature_style_main_figures.py,Script inspection does not replace opening the vector file in Illustrator/Inkscape.
fig_pop_ghost_tracking,manuscript_embedding,Figure is embedded in the current manuscript source.,token=fig_pop_ghost_tracking.pdf; present=True,PASS,01_manuscript/manuscript_current.tex,Embedding check does not inspect exact page placement or typography.
fig_pop_ghost_tracking,figure_contract,Figure has a declared claim/evidence role in the QA audit.,"role=POP/NIS-KF ghost-tracking mechanism schematic; contract=The initial-draft POP ghost-tracking concept is redrawn as a mechanism figure linking active update, ghost prediction, re-association, NIS thresholds, and conservative recovery.",PASS,publication_figure_qa.csv,"Contract is a reviewer-facing map, not independent scientific evidence."
fig6_split_audit_matrix_only_v2,export_bundle,"PDF, SVG, TIFF, and PNG exports exist and are non-empty.",pdf=13651 bytes; svg=11608 bytes; tiff=18302138 bytes; png=144511 bytes,PASS,08_paper_ready_outputs/figures,File presence does not prove visual quality by itself.
fig6_split_audit_matrix_only_v2,manuscript_mirror,Figure exports are mirrored byte-for-byte in the manuscript figure directory.,pdf=match; svg=match; tiff=match; png=match,PASS,01_manuscript/paper_picture,Mirror consistency does not assess final page layout.
fig6_split_audit_matrix_only_v2,tiff_final_size_resolution,"TIFF export is at publication-scale width, 600-dpi class resolution, and within Nature-style height bounds.","3729x1227px; dpi=(600.0,600.0); size=157.9x51.9mm; width_class=double-column",PASS,08_paper_ready_outputs/figures/fig6_split_audit_matrix_only_v2.tiff,Size is inferred from TIFF metadata and does not replace final journal production checks.
fig6_split_audit_matrix_only_v2,png_nonblank_contrast,PNG preview is non-blank and has measurable luminance range.,nonwhite_fraction=0.338; luma_range=255.0; mean_luma=230.8,PASS,08_paper_ready_outputs/figures/fig6_split_audit_matrix_only_v2.png,"Pixel statistics are a screen for blank/clipped exports, not a substitute for visual inspection."
fig6_split_audit_matrix_only_v2,svg_editable_vector_text,SVG keeps text/vector elements editable and avoids embedded raster images for these quantitative/schematic figures.,text_elements=24; embedded_image_tags=0,PASS,08_paper_ready_outputs/figures/fig6_split_audit_matrix_only_v2.svg,SVG text-count screening cannot prove every glyph is editable in all vector editors.
fig6_split_audit_matrix_only_v2,source_data_trace,Each quantitative figure has source-data CSVs in the paper-ready source-data directory.,final_dataset_split_check.csv=3 rows; final_dataset_split_overlap.csv=3 rows,PASS,08_paper_ready_outputs/source_data,"Source-data traceability covers processed data, not raw CARLA reruns."
fig6_split_audit_matrix_only_v2,python_generator_export_policy,Python generator declares SVG/PDF font editability settings and scripted export calls.,generator=fig6_split_audit_matrix_only_v2.py; svg.fonttype=True; pdf.fonttype=True,PASS,05_analysis_scripts/fig6_split_audit_matrix_only_v2.py,Script inspection does not replace opening the vector file in Illustrator/Inkscape.
fig6_split_audit_matrix_only_v2,manuscript_embedding,Figure is embedded in the current manuscript source.,token=fig6_split_audit_matrix_only_v2.pdf; present=True,PASS,01_manuscript/manuscript_current.tex,Embedding check does not inspect exact page placement or typography.
fig6_split_audit_matrix_only_v2,figure_contract,Figure has a declared claim/evidence role in the QA audit.,role=dataset split audit matrix; contract=Dataset split composition and held-out-map isolation are summarized as a compact audit matrix.,PASS,publication_figure_qa.csv,"Contract is a reviewer-facing map, not independent scientific evidence."
fig9_extended_stress_operating_envelope_refined_v3,export_bundle,"PDF, SVG, TIFF, and PNG exports exist and are non-empty.",pdf=20592 bytes; svg=26189 bytes; tiff=30695486 bytes; png=337178 bytes,PASS,08_paper_ready_outputs/figures,File presence does not prove visual quality by itself.
fig9_extended_stress_operating_envelope_refined_v3,manuscript_mirror,Figure exports are mirrored byte-for-byte in the manuscript figure directory.,pdf=match; svg=match; tiff=match; png=match,PASS,01_manuscript/paper_picture,Mirror consistency does not assess final page layout.
fig9_extended_stress_operating_envelope_refined_v3,tiff_final_size_resolution,"TIFF export is at publication-scale width, 600-dpi class resolution, and within Nature-style height bounds.","4235x1812px; dpi=(600.0,600.0); size=179.3x76.7mm; width_class=double-column",PASS,08_paper_ready_outputs/figures/fig9_extended_stress_operating_envelope_refined_v3.tiff,Size is inferred from TIFF metadata and does not replace final journal production checks.
fig9_extended_stress_operating_envelope_refined_v3,png_nonblank_contrast,PNG preview is non-blank and has measurable luminance range.,nonwhite_fraction=0.150; luma_range=255.0; mean_luma=247.6,PASS,08_paper_ready_outputs/figures/fig9_extended_stress_operating_envelope_refined_v3.png,"Pixel statistics are a screen for blank/clipped exports, not a substitute for visual inspection."
fig9_extended_stress_operating_envelope_refined_v3,svg_editable_vector_text,SVG keeps text/vector elements editable and avoids embedded raster images for these quantitative/schematic figures.,text_elements=35; embedded_image_tags=0,PASS,08_paper_ready_outputs/figures/fig9_extended_stress_operating_envelope_refined_v3.svg,SVG text-count screening cannot prove every glyph is editable in all vector editors.
fig9_extended_stress_operating_envelope_refined_v3,source_data_trace,Each quantitative figure has source-data CSVs in the paper-ready source-data directory.,fig9_extended_stress_operating_envelope_refined_v3_source_data.csv=7 rows; fig9_extended_stress_operating_envelope_refined_v3_aggregated_points.csv=5 rows,PASS,08_paper_ready_outputs/source_data,"Source-data traceability covers processed data, not raw CARLA reruns."
fig9_extended_stress_operating_envelope_refined_v3,python_generator_export_policy,Python generator declares SVG/PDF font editability settings and scripted export calls.,generator=fig9_extended_stress_operating_envelope_refined_v3.py; svg.fonttype=True; pdf.fonttype=True,PASS,05_analysis_scripts/fig9_extended_stress_operating_envelope_refined_v3.py,Script inspection does not replace opening the vector file in Illustrator/Inkscape.
fig9_extended_stress_operating_envelope_refined_v3,manuscript_embedding,Figure is embedded in the current manuscript source.,token=fig9_extended_stress_operating_envelope_refined_v3.pdf; present=True,PASS,01_manuscript/manuscript_current.tex,Embedding check does not inspect exact page placement or typography.
fig9_extended_stress_operating_envelope_refined_v3,figure_contract,Figure has a declared claim/evidence role in the QA audit.,role=extended stress operating envelope; contract=Extended stress conditions are summarized as a fail-safe Lost versus LeaderAcc operating envelope with finite-sample collision-bound interpretation.,PASS,publication_figure_qa.csv,"Contract is a reviewer-facing map, not independent scientific evidence."
fig10_nis_regime_bubble_map_refined_v5,export_bundle,"PDF, SVG, TIFF, and PNG exports exist and are non-empty.",pdf=16734 bytes; svg=33320 bytes; tiff=29215694 bytes; png=259396 bytes,PASS,08_paper_ready_outputs/figures,File presence does not prove visual quality by itself.
fig10_nis_regime_bubble_map_refined_v5,manuscript_mirror,Figure exports are mirrored byte-for-byte in the manuscript figure directory.,pdf=match; svg=match; tiff=match; png=match,PASS,01_manuscript/paper_picture,Mirror consistency does not assess final page layout.
fig10_nis_regime_bubble_map_refined_v5,tiff_final_size_resolution,"TIFF export is at publication-scale width, 600-dpi class resolution, and within Nature-style height bounds.","4188x1744px; dpi=(600.0,600.0); size=177.3x73.8mm; width_class=double-column",PASS,08_paper_ready_outputs/figures/fig10_nis_regime_bubble_map_refined_v5.tiff,Size is inferred from TIFF metadata and does not replace final journal production checks.
fig10_nis_regime_bubble_map_refined_v5,png_nonblank_contrast,PNG preview is non-blank and has measurable luminance range.,nonwhite_fraction=0.711; luma_range=255.0; mean_luma=243.2,PASS,08_paper_ready_outputs/figures/fig10_nis_regime_bubble_map_refined_v5.png,"Pixel statistics are a screen for blank/clipped exports, not a substitute for visual inspection."
fig10_nis_regime_bubble_map_refined_v5,svg_editable_vector_text,SVG keeps text/vector elements editable and avoids embedded raster images for these quantitative/schematic figures.,text_elements=29; embedded_image_tags=0,PASS,08_paper_ready_outputs/figures/fig10_nis_regime_bubble_map_refined_v5.svg,SVG text-count screening cannot prove every glyph is editable in all vector editors.
fig10_nis_regime_bubble_map_refined_v5,source_data_trace,Each quantitative figure has source-data CSVs in the paper-ready source-data directory.,carla_nis_noise_sweep_qgip100_summary.csv=3 rows; carla_nis_outlier_qgip100_summary.csv=3 rows; fig10_nis_regime_bubble_map_refined_v5_source_data.csv=6 rows,PASS,08_paper_ready_outputs/source_data,"Source-data traceability covers processed data, not raw CARLA reruns."
fig10_nis_regime_bubble_map_refined_v5,python_generator_export_policy,Python generator declares SVG/PDF font editability settings and scripted export calls.,generator=fig10_nis_regime_bubble_map_refined_v5.py; svg.fonttype=True; pdf.fonttype=True,PASS,05_analysis_scripts/fig10_nis_regime_bubble_map_refined_v5.py,Script inspection does not replace opening the vector file in Illustrator/Inkscape.
fig10_nis_regime_bubble_map_refined_v5,manuscript_embedding,Figure is embedded in the current manuscript source.,token=fig10_nis_regime_bubble_map_refined_v5.pdf; present=True,PASS,01_manuscript/manuscript_current.tex,Embedding check does not inspect exact page placement or typography.
fig10_nis_regime_bubble_map_refined_v5,figure_contract,Figure has a declared claim/evidence role in the QA audit.,role=NIS diagnostic regime map; contract=NIS noise and outlier responses are summarized as a regime map rather than repeated paired-segment diagnostics.,PASS,publication_figure_qa.csv,"Contract is a reviewer-facing map, not independent scientific evidence."
fig13_offline_dryrun_contract_timeline_v2,export_bundle,"PDF, SVG, TIFF, and PNG exports exist and are non-empty.",pdf=24395 bytes; svg=37654 bytes; tiff=31425182 bytes; png=318467 bytes,PASS,08_paper_ready_outputs/figures,File presence does not prove visual quality by itself.
fig13_offline_dryrun_contract_timeline_v2,manuscript_mirror,Figure exports are mirrored byte-for-byte in the manuscript figure directory.,pdf=match; svg=match; tiff=match; png=match,PASS,01_manuscript/paper_picture,Mirror consistency does not assess final page layout.
fig13_offline_dryrun_contract_timeline_v2,tiff_final_size_resolution,"TIFF export is at publication-scale width, 600-dpi class resolution, and within Nature-style height bounds.","4279x1836px; dpi=(600.0,600.0); size=181.1x77.7mm; width_class=double-column",PASS,08_paper_ready_outputs/figures/fig13_offline_dryrun_contract_timeline_v2.tiff,Size is inferred from TIFF metadata and does not replace final journal production checks.
fig13_offline_dryrun_contract_timeline_v2,png_nonblank_contrast,PNG preview is non-blank and has measurable luminance range.,nonwhite_fraction=0.269; luma_range=255.0; mean_luma=242.7,PASS,08_paper_ready_outputs/figures/fig13_offline_dryrun_contract_timeline_v2.png,"Pixel statistics are a screen for blank/clipped exports, not a substitute for visual inspection."
fig13_offline_dryrun_contract_timeline_v2,svg_editable_vector_text,SVG keeps text/vector elements editable and avoids embedded raster images for these quantitative/schematic figures.,text_elements=48; embedded_image_tags=0,PASS,08_paper_ready_outputs/figures/fig13_offline_dryrun_contract_timeline_v2.svg,SVG text-count screening cannot prove every glyph is editable in all vector editors.
fig13_offline_dryrun_contract_timeline_v2,source_data_trace,Each quantitative figure has source-data CSVs in the paper-ready source-data directory.,fig13_offline_dryrun_contract_timeline_v2_source_data.csv=189 rows; real_robot_offline_dryrun_trace.csv=90 rows; ros2_runtime_telemetry_dryrun_summary.csv=16 rows,PASS,08_paper_ready_outputs/source_data,"Source-data traceability covers processed data, not raw CARLA reruns."
fig13_offline_dryrun_contract_timeline_v2,python_generator_export_policy,Python generator declares SVG/PDF font editability settings and scripted export calls.,generator=fig13_offline_dryrun_contract_timeline_v2.py; svg.fonttype=True; pdf.fonttype=True,PASS,05_analysis_scripts/fig13_offline_dryrun_contract_timeline_v2.py,Script inspection does not replace opening the vector file in Illustrator/Inkscape.
fig13_offline_dryrun_contract_timeline_v2,manuscript_embedding,Figure is embedded in the current manuscript source.,token=fig13_offline_dryrun_contract_timeline_v2.pdf; present=True,PASS,01_manuscript/manuscript_current.tex,Embedding check does not inspect exact page placement or typography.
fig13_offline_dryrun_contract_timeline_v2,figure_contract,Figure has a declared claim/evidence role in the QA audit.,"role=offline dry-run contract timeline and telemetry-gate diagnostic; contract=The selected-leader, POP/NIS, controller-proxy, and telemetry-gate contracts are logged coherently in a desktop preflight dry run before ROS2/HIL execution.",PASS,publication_figure_qa.csv,"Contract is a reviewer-facing map, not independent scientific evidence."
fig11_claim_boundary_bowtie_v4,export_bundle,"PDF, SVG, TIFF, and PNG exports exist and are non-empty.",pdf=19297 bytes; svg=17932 bytes; tiff=34509614 bytes; png=553520 bytes,PASS,08_paper_ready_outputs/figures,File presence does not prove visual quality by itself.
fig11_claim_boundary_bowtie_v4,manuscript_mirror,Figure exports are mirrored byte-for-byte in the manuscript figure directory.,pdf=match; svg=match; tiff=match; png=match,PASS,01_manuscript/paper_picture,Mirror consistency does not assess final page layout.
fig11_claim_boundary_bowtie_v4,tiff_final_size_resolution,"TIFF export is at publication-scale width, 600-dpi class resolution, and within Nature-style height bounds.","4331x1992px; dpi=(600.0,600.0); size=183.3x84.3mm; width_class=double-column",PASS,08_paper_ready_outputs/figures/fig11_claim_boundary_bowtie_v4.tiff,Size is inferred from TIFF metadata and does not replace final journal production checks.
fig11_claim_boundary_bowtie_v4,png_nonblank_contrast,PNG preview is non-blank and has measurable luminance range.,nonwhite_fraction=0.363; luma_range=255.0; mean_luma=245.6,PASS,08_paper_ready_outputs/figures/fig11_claim_boundary_bowtie_v4.png,"Pixel statistics are a screen for blank/clipped exports, not a substitute for visual inspection."
fig11_claim_boundary_bowtie_v4,svg_editable_vector_text,SVG keeps text/vector elements editable and avoids embedded raster images for these quantitative/schematic figures.,text_elements=28; embedded_image_tags=0,PASS,08_paper_ready_outputs/figures/fig11_claim_boundary_bowtie_v4.svg,SVG text-count screening cannot prove every glyph is editable in all vector editors.
fig11_claim_boundary_bowtie_v4,source_data_trace,Each quantitative figure has source-data CSVs in the paper-ready source-data directory.,fig11_claim_boundary_bowtie_v4_source_data.csv=10 rows; fig11_claim_boundary_bowtie_v4_edges.csv=9 rows; safety_case_claim_graph.csv=12 rows,PASS,08_paper_ready_outputs/source_data,"Source-data traceability covers processed data, not raw CARLA reruns."
fig11_claim_boundary_bowtie_v4,python_generator_export_policy,Python generator declares SVG/PDF font editability settings and scripted export calls.,generator=fig11_claim_boundary_bowtie_v4.py; svg.fonttype=True; pdf.fonttype=True,PASS,05_analysis_scripts/fig11_claim_boundary_bowtie_v4.py,Script inspection does not replace opening the vector file in Illustrator/Inkscape.
fig11_claim_boundary_bowtie_v4,manuscript_embedding,Figure is embedded in the current manuscript source.,token=fig11_claim_boundary_bowtie_v4.pdf; present=True,PASS,01_manuscript/manuscript_current.tex,Embedding check does not inspect exact page placement or typography.
fig11_claim_boundary_bowtie_v4,figure_contract,Figure has a declared claim/evidence role in the QA audit.,role=safety-case claim-boundary bow-tie schematic; contract=Completed CARLA simulation and audit evidence are separated from remaining ROS2/HIL and physical-validation requirements through a bow-tie claim-boundary schematic.,PASS,publication_figure_qa.csv,"Contract is a reviewer-facing map, not independent scientific evidence."
fig_evidence_coverage_matrix,export_bundle,"PDF, SVG, TIFF, and PNG exports exist and are non-empty.",pdf=21227 bytes; svg=24509 bytes; tiff=29245550 bytes; png=384432 bytes,PASS,08_paper_ready_outputs/figures,File presence does not prove visual quality by itself.
fig_evidence_coverage_matrix,manuscript_mirror,Figure exports are mirrored byte-for-byte in the manuscript figure directory.,pdf=match; svg=match; tiff=match; png=match,PASS,01_manuscript/paper_picture,Mirror consistency does not assess final page layout.
fig_evidence_coverage_matrix,tiff_final_size_resolution,"TIFF export is at publication-scale width, 600-dpi class resolution, and within Nature-style height bounds.","4236x1726px; dpi=(600.0,600.0); size=179.3x73.1mm; width_class=double-column",PASS,08_paper_ready_outputs/figures/fig_evidence_coverage_matrix.tiff,Size is inferred from TIFF metadata and does not replace final journal production checks.
fig_evidence_coverage_matrix,png_nonblank_contrast,PNG preview is non-blank and has measurable luminance range.,nonwhite_fraction=0.563; luma_range=255.0; mean_luma=245.3,PASS,08_paper_ready_outputs/figures/fig_evidence_coverage_matrix.png,"Pixel statistics are a screen for blank/clipped exports, not a substitute for visual inspection."
fig_evidence_coverage_matrix,svg_editable_vector_text,SVG keeps text/vector elements editable and avoids embedded raster images for these quantitative/schematic figures.,text_elements=38; embedded_image_tags=0,PASS,08_paper_ready_outputs/figures/fig_evidence_coverage_matrix.svg,SVG text-count screening cannot prove every glyph is editable in all vector editors.
fig_evidence_coverage_matrix,source_data_trace,Each quantitative figure has source-data CSVs in the paper-ready source-data directory.,fig_evidence_coverage_matrix_source.csv=53 rows; simulation_protocol_registry.csv=21 rows; claim_evidence_matrix.csv=8 rows,PASS,08_paper_ready_outputs/source_data,"Source-data traceability covers processed data, not raw CARLA reruns."
fig_evidence_coverage_matrix,python_generator_export_policy,Python generator declares SVG/PDF font editability settings and scripted export calls.,generator=generate_evidence_coverage_matrix.py; svg.fonttype=True; pdf.fonttype=True,PASS,05_analysis_scripts/generate_evidence_coverage_matrix.py,Script inspection does not replace opening the vector file in Illustrator/Inkscape.
fig_evidence_coverage_matrix,manuscript_embedding,Figure is embedded in the current manuscript source.,token=fig_evidence_coverage_matrix.pdf; present=True,PASS,01_manuscript/manuscript_current.tex,Embedding check does not inspect exact page placement or typography.
fig_evidence_coverage_matrix,figure_contract,Figure has a declared claim/evidence role in the QA audit.,"role=protocol-to-claim evidence coverage matrix; contract=Layered simulation, audit, and pre-real-robot protocols are mapped to the claim axes they support and the boundaries they do not cross.",PASS,publication_figure_qa.csv,"Contract is a reviewer-facing map, not independent scientific evidence."
fig7_main_result_final_v7,export_bundle,"PDF, SVG, TIFF, and PNG exports exist and are non-empty.",pdf=22543 bytes; svg=56481 bytes; tiff=43405250 bytes; png=501304 bytes,PASS,08_paper_ready_outputs/figures,File presence does not prove visual quality by itself.
fig7_main_result_final_v7,manuscript_mirror,Figure exports are mirrored byte-for-byte in the manuscript figure directory.,pdf=match; svg=match; tiff=match; png=match,PASS,01_manuscript/paper_picture,Mirror consistency does not assess final page layout.
fig7_main_result_final_v7,tiff_final_size_resolution,"TIFF export is at publication-scale width, 600-dpi class resolution, and within Nature-style height bounds.","4497x2413px; dpi=(600.0,600.0); size=190.4x102.2mm; width_class=double-column",PASS,08_paper_ready_outputs/figures/fig7_main_result_final_v7.tiff,Size is inferred from TIFF metadata and does not replace final journal production checks.
fig7_main_result_final_v7,png_nonblank_contrast,PNG preview is non-blank and has measurable luminance range.,nonwhite_fraction=0.150; luma_range=255.0; mean_luma=239.5,PASS,08_paper_ready_outputs/figures/fig7_main_result_final_v7.png,"Pixel statistics are a screen for blank/clipped exports, not a substitute for visual inspection."
fig7_main_result_final_v7,svg_editable_vector_text,SVG keeps text/vector elements editable and avoids embedded raster images for these quantitative/schematic figures.,text_elements=96; embedded_image_tags=0,PASS,08_paper_ready_outputs/figures/fig7_main_result_final_v7.svg,SVG text-count screening cannot prove every glyph is editable in all vector editors.
fig7_main_result_final_v7,source_data_trace,Each quantitative figure has source-data CSVs in the paper-ready source-data directory.,fig_simulation_effect_size_source.csv=55 rows; main_benchmark_source.csv=5 rows; pairwise_stats_combined.csv=15 rows; extended_stress_qgip_summary.csv=7 rows,PASS,08_paper_ready_outputs/source_data,"Source-data traceability covers processed data, not raw CARLA reruns."
fig7_main_result_final_v7,python_generator_export_policy,Python generator declares SVG/PDF font editability settings and scripted export calls.,generator=fig7_main_result_final_v7.py; svg.fonttype=True; pdf.fonttype=True,PASS,05_analysis_scripts/fig7_main_result_final_v7.py,Script inspection does not replace opening the vector file in Illustrator/Inkscape.
fig7_main_result_final_v7,manuscript_embedding,Figure is embedded in the current manuscript source.,token=fig7_main_result_final_v7.pdf; present=True,PASS,01_manuscript/manuscript_current.tex,Embedding check does not inspect exact page placement or typography.
fig7_main_result_final_v7,figure_contract,Figure has a declared claim/evidence role in the QA audit.,role=main route outcome and target-selection evidence; contract=Route-level safety and availability are separated from target-selection evidence and finite-sample zero-collision boundaries.,PASS,publication_figure_qa.csv,"Contract is a reviewer-facing map, not independent scientific evidence."
fig8_wrong_leader_exposure_diagnostic_v5,export_bundle,"PDF, SVG, TIFF, and PNG exports exist and are non-empty.",pdf=20354 bytes; svg=37909 bytes; tiff=33935310 bytes; png=462065 bytes,PASS,08_paper_ready_outputs/figures,File presence does not prove visual quality by itself.
fig8_wrong_leader_exposure_diagnostic_v5,manuscript_mirror,Figure exports are mirrored byte-for-byte in the manuscript figure directory.,pdf=match; svg=match; tiff=match; png=match,PASS,01_manuscript/paper_picture,Mirror consistency does not assess final page layout.
fig8_wrong_leader_exposure_diagnostic_v5,tiff_final_size_resolution,"TIFF export is at publication-scale width, 600-dpi class resolution, and within Nature-style height bounds.","4571x1856px; dpi=(600.0,600.0); size=193.5x78.6mm; width_class=double-column",PASS,08_paper_ready_outputs/figures/fig8_wrong_leader_exposure_diagnostic_v5.tiff,Size is inferred from TIFF metadata and does not replace final journal production checks.
fig8_wrong_leader_exposure_diagnostic_v5,png_nonblank_contrast,PNG preview is non-blank and has measurable luminance range.,nonwhite_fraction=0.226; luma_range=255.0; mean_luma=247.0,PASS,08_paper_ready_outputs/figures/fig8_wrong_leader_exposure_diagnostic_v5.png,"Pixel statistics are a screen for blank/clipped exports, not a substitute for visual inspection."
fig8_wrong_leader_exposure_diagnostic_v5,svg_editable_vector_text,SVG keeps text/vector elements editable and avoids embedded raster images for these quantitative/schematic figures.,text_elements=46; embedded_image_tags=0,PASS,08_paper_ready_outputs/figures/fig8_wrong_leader_exposure_diagnostic_v5.svg,SVG text-count screening cannot prove every glyph is editable in all vector editors.
fig8_wrong_leader_exposure_diagnostic_v5,source_data_trace,Each quantitative figure has source-data CSVs in the paper-ready source-data directory.,figure_stress_leader_metrics.csv=15 rows,PASS,08_paper_ready_outputs/source_data,"Source-data traceability covers processed data, not raw CARLA reruns."
fig8_wrong_leader_exposure_diagnostic_v5,python_generator_export_policy,Python generator declares SVG/PDF font editability settings and scripted export calls.,generator=fig8_wrong_leader_exposure_diagnostic_v5.py; svg.fonttype=True; pdf.fonttype=True,PASS,05_analysis_scripts/fig8_wrong_leader_exposure_diagnostic_v5.py,Script inspection does not replace opening the vector file in Illustrator/Inkscape.
fig8_wrong_leader_exposure_diagnostic_v5,manuscript_embedding,Figure is embedded in the current manuscript source.,token=fig8_wrong_leader_exposure_diagnostic_v5.pdf; present=True,PASS,01_manuscript/manuscript_current.tex,Embedding check does not inspect exact page placement or typography.
fig8_wrong_leader_exposure_diagnostic_v5,figure_contract,Figure has a declared claim/evidence role in the QA audit.,role=wrong-leader exposure diagnostic; contract=Wrong-leader exposure and the LeaderAcc--exposure diagnostic plane expose stable-but-wrong target failures under primary and boundary ambiguity conditions.,PASS,publication_figure_qa.csv,"Contract is a reviewer-facing map, not independent scientific evidence."
fig5_stress_suite_discriminators_v3,export_bundle,"PDF, SVG, TIFF, and PNG exports exist and are non-empty.",pdf=25239 bytes; svg=59898 bytes; tiff=39832838 bytes; png=531384 bytes,PASS,08_paper_ready_outputs/figures,File presence does not prove visual quality by itself.
fig5_stress_suite_discriminators_v3,manuscript_mirror,Figure exports are mirrored byte-for-byte in the manuscript figure directory.,pdf=match; svg=match; tiff=match; png=match,PASS,01_manuscript/paper_picture,Mirror consistency does not assess final page layout.
fig5_stress_suite_discriminators_v3,tiff_final_size_resolution,"TIFF export is at publication-scale width, 600-dpi class resolution, and within Nature-style height bounds.","4649x2142px; dpi=(600.0,600.0); size=196.8x90.7mm; width_class=double-column",PASS,08_paper_ready_outputs/figures/fig5_stress_suite_discriminators_v3.tiff,Size is inferred from TIFF metadata and does not replace final journal production checks.
fig5_stress_suite_discriminators_v3,png_nonblank_contrast,PNG preview is non-blank and has measurable luminance range.,nonwhite_fraction=0.251; luma_range=255.0; mean_luma=245.1,PASS,08_paper_ready_outputs/figures/fig5_stress_suite_discriminators_v3.png,"Pixel statistics are a screen for blank/clipped exports, not a substitute for visual inspection."
fig5_stress_suite_discriminators_v3,svg_editable_vector_text,SVG keeps text/vector elements editable and avoids embedded raster images for these quantitative/schematic figures.,text_elements=65; embedded_image_tags=0,PASS,08_paper_ready_outputs/figures/fig5_stress_suite_discriminators_v3.svg,SVG text-count screening cannot prove every glyph is editable in all vector editors.
fig5_stress_suite_discriminators_v3,source_data_trace,Each quantitative figure has source-data CSVs in the paper-ready source-data directory.,fig_simulation_stress_atlas_source.csv=62 rows; main_benchmark_source.csv=5 rows; main1000_nominal_source.csv=3 rows; stress_summary_combined.csv=27 rows; pairwise_stats_combined.csv=15 rows; carla_nis_noise_sweep_qgip100_summary.csv=3 rows; carla_nis_outlier_qgip100_summary.csv=3 rows,PASS,08_paper_ready_outputs/source_data,"Source-data traceability covers processed data, not raw CARLA reruns."
fig5_stress_suite_discriminators_v3,python_generator_export_policy,Python generator declares SVG/PDF font editability settings and scripted export calls.,generator=fig5_stress_suite_discriminators_v3.py; svg.fonttype=True; pdf.fonttype=True,PASS,05_analysis_scripts/fig5_stress_suite_discriminators_v3.py,Script inspection does not replace opening the vector file in Illustrator/Inkscape.
fig5_stress_suite_discriminators_v3,manuscript_embedding,Figure is embedded in the current manuscript source.,token=fig5_stress_suite_discriminators_v3.pdf; present=True,PASS,01_manuscript/manuscript_current.tex,Embedding check does not inspect exact page placement or typography.
fig5_stress_suite_discriminators_v3,figure_contract,Figure has a declared claim/evidence role in the QA audit.,"role=stress-suite discriminator synthesis; contract=Stress-suite scale, paired ambiguity effects, and NIS diagnostic response are synthesized as method-discriminating evidence.",PASS,publication_figure_qa.csv,"Contract is a reviewer-facing map, not independent scientific evidence."
fig12_validation_boundary_narrative_v4,export_bundle,"PDF, SVG, TIFF, and PNG exports exist and are non-empty.",pdf=15269 bytes; svg=8687 bytes; tiff=22482526 bytes; png=257638 bytes,PASS,08_paper_ready_outputs/figures,File presence does not prove visual quality by itself.
fig12_validation_boundary_narrative_v4,manuscript_mirror,Figure exports are mirrored byte-for-byte in the manuscript figure directory.,pdf=match; svg=match; tiff=match; png=match,PASS,01_manuscript/paper_picture,Mirror consistency does not assess final page layout.
fig12_validation_boundary_narrative_v4,tiff_final_size_resolution,"TIFF export is at publication-scale width, 600-dpi class resolution, and within Nature-style height bounds.","4226x1330px; dpi=(600.0,600.0); size=178.9x56.3mm; width_class=double-column",PASS,08_paper_ready_outputs/figures/fig12_validation_boundary_narrative_v4.tiff,Size is inferred from TIFF metadata and does not replace final journal production checks.
fig12_validation_boundary_narrative_v4,png_nonblank_contrast,PNG preview is non-blank and has measurable luminance range.,nonwhite_fraction=0.480; luma_range=238.0; mean_luma=246.9,PASS,08_paper_ready_outputs/figures/fig12_validation_boundary_narrative_v4.png,"Pixel statistics are a screen for blank/clipped exports, not a substitute for visual inspection."
fig12_validation_boundary_narrative_v4,svg_editable_vector_text,SVG keeps text/vector elements editable and avoids embedded raster images for these quantitative/schematic figures.,text_elements=20; embedded_image_tags=0,PASS,08_paper_ready_outputs/figures/fig12_validation_boundary_narrative_v4.svg,SVG text-count screening cannot prove every glyph is editable in all vector editors.
fig12_validation_boundary_narrative_v4,source_data_trace,Each quantitative figure has source-data CSVs in the paper-ready source-data directory.,fig12_validation_boundary_narrative_v4_source_data.csv=4 rows; pre_real_robot_gate_audit.csv=23 rows,PASS,08_paper_ready_outputs/source_data,"Source-data traceability covers processed data, not raw CARLA reruns."
fig12_validation_boundary_narrative_v4,python_generator_export_policy,Python generator declares SVG/PDF font editability settings and scripted export calls.,generator=fig12_validation_boundary_narrative_v4.py; svg.fonttype=True; pdf.fonttype=True,PASS,05_analysis_scripts/fig12_validation_boundary_narrative_v4.py,Script inspection does not replace opening the vector file in Illustrator/Inkscape.
fig12_validation_boundary_narrative_v4,manuscript_embedding,Figure is embedded in the current manuscript source.,token=fig12_validation_boundary_narrative_v4.pdf; present=True,PASS,01_manuscript/manuscript_current.tex,Embedding check does not inspect exact page placement or typography.
fig12_validation_boundary_narrative_v4,figure_contract,Figure has a declared claim/evidence role in the QA audit.,"role=pre-real-robot validation-boundary narrative; contract=Prepared local gate and desktop-preflight evidence are separated from required live ROS2/HIL timing, rosbag, and physical-robot evidence before any live-validation claim is made.",PASS,publication_figure_qa.csv,"Contract is a reviewer-facing map, not independent scientific evidence."
figure_bundle,accessibility_qa_link,Figure bundle links to grayscale/deuteranopia accessibility QA outputs.,figure_accessibility_metrics.csv rows=39/39; contact_sheet_exists=True,PASS,figure_accessibility_metrics.csv; figure_accessibility_contact_sheet_v1.png,Existing accessibility QA is approximate and not a formal perceptual user study.
figure_bundle,manuscript_page_render_link,Current manuscript pages have been rendered for page-level figure inspection.,rendered_pages=18/18; contact_sheet_exists=True,PASS,09_pdf_qa/manuscript_current_page-*.png; contact_sheet_manuscript_current.png,Rendered-page QA supports layout review but does not replace human zoom inspection at submission.
