step,stamp_s,raw_count,faulted_count,selected_leader_id,selected_confidence,selected_candidate_count,measurement_id,measurement_available,fault_tag,mode,x,y,vx,vy,covariance_trace,nis,ghost_age_s,selected_speed_mps,headway_m,ttc_s,safety_stop,controller_reason
0,0.0000,2,2,robot_2,0.9500,2,robot_2,true,none,TRACKING,1.059134,-0.015392,0.100000,0.000000,0.500000,0.000000,0.000000,0.500000,1.059134,,false,tracking
1,0.0500,2,2,robot_2,0.9500,2,robot_2,true,none,TRACKING,1.062225,-0.001641,0.099923,0.000554,0.151090,0.004265,0.000000,0.500000,1.062225,,false,tracking
2,0.1000,2,2,robot_2,0.9500,2,robot_2,true,none,TRACKING,1.061761,0.002010,0.099637,0.000453,0.115000,0.003073,0.000000,0.500000,1.061761,,false,tracking
3,0.1500,2,2,robot_2,0.9500,2,robot_2,true,none,TRACKING,1.065210,0.004376,0.099737,0.000355,0.107949,0.000722,0.000000,0.500000,1.065210,,false,tracking
4,0.2000,2,2,robot_2,0.9500,2,robot_2,true,none,TRACKING,1.069170,-0.000387,0.099813,-0.000142,0.106427,0.002312,0.000000,0.500000,1.069170,,false,tracking
5,0.2500,2,2,robot_2,0.9500,2,robot_2,true,none,TRACKING,1.077947,0.003343,0.100156,0.000173,0.106090,0.002778,0.000000,0.500000,1.077947,,false,tracking
6,0.3000,2,2,robot_2,0.9500,2,robot_2,true,none,TRACKING,1.082269,0.008355,0.100028,0.000401,0.106015,0.002518,0.000000,0.500000,1.082269,,false,tracking
7,0.3500,2,2,robot_2,0.9500,2,robot_2,true,none,TRACKING,1.082413,0.008472,0.099702,0.000192,0.105998,0.002331,0.000000,0.500000,1.082413,,false,tracking
8,0.4000,2,2,robot_2,0.9500,2,robot_2,true,none,TRACKING,1.087785,0.006109,0.099887,-0.000063,0.105994,0.000569,0.000000,0.500000,1.087785,,false,tracking
9,0.4500,2,2,robot_2,0.9500,2,robot_2,true,none,TRACKING,1.096132,0.006751,0.100162,0.000012,0.105993,0.001149,0.000000,0.500000,1.096132,,false,tracking
10,0.5000,2,2,robot_2,0.9500,2,robot_2,true,none,TRACKING,1.096926,0.006843,0.099805,0.000011,0.105993,0.001752,0.000000,0.500000,1.096926,,false,tracking
11,0.5500,2,2,robot_2,0.9500,2,robot_2,true,none,TRACKING,1.104059,0.009816,0.100047,0.000196,0.105993,0.001324,0.000000,0.500000,1.104059,,false,tracking
12,0.6000,2,2,robot_2,0.9500,2,robot_2,true,none,TRACKING,1.110876,0.014107,0.100138,0.000365,0.105993,0.002139,0.000000,0.500000,1.110876,,false,tracking
13,0.6500,2,2,robot_2,0.9500,2,robot_2,true,none,TRACKING,1.115123,0.015689,0.100015,0.000269,0.105993,0.000301,0.000000,0.500000,1.115123,,false,tracking
14,0.7000,2,2,robot_2,0.9500,2,robot_2,true,none,TRACKING,1.120936,0.018403,0.100059,0.000298,0.105993,0.000788,0.000000,0.500000,1.120936,,false,tracking
15,0.7500,2,2,robot_2,0.9500,2,robot_2,true,none,TRACKING,1.123981,0.017547,0.099902,0.000082,0.105993,0.000453,0.000000,0.500000,1.123981,,false,tracking
16,0.8000,2,0,robot_2,0.9500,2,,false,software_dropout,GHOST,1.128976,0.017551,0.099902,0.000082,0.226336,,0.050000,0.225107,1.128976,,false,tracking
17,0.8500,2,0,robot_2,0.9500,2,,false,software_dropout,GHOST,1.133971,0.017555,0.099902,0.000082,0.347359,,0.100000,0.226505,1.133971,,false,tracking
18,0.9000,2,0,robot_2,0.9500,2,,false,software_dropout,GHOST,1.138966,0.017559,0.099902,0.000082,0.469562,,0.150000,0.227904,1.138966,,false,tracking
19,0.9500,2,0,robot_2,0.9500,2,,false,software_dropout,GHOST,1.143962,0.017563,0.099902,0.000082,0.593444,,0.200000,0.229302,1.143962,,false,tracking
20,1.0000,2,0,robot_2,0.9500,2,,false,software_dropout,GHOST,1.148957,0.017567,0.099902,0.000082,0.719505,,0.250000,0.230701,1.148957,,false,tracking
21,1.0500,2,0,robot_2,0.9500,2,,false,software_dropout,GHOST,1.153952,0.017571,0.099902,0.000082,0.848246,,0.300000,0.232100,1.153952,,false,tracking
22,1.1000,2,0,robot_2,0.9500,2,,false,software_dropout,GHOST,1.158947,0.017575,0.099902,0.000082,0.980167,,0.350000,0.233498,1.158947,,false,tracking
23,1.1500,2,0,robot_2,0.9500,2,,false,software_dropout,GHOST,1.163942,0.017579,0.099902,0.000082,1.115767,,0.400000,0.234897,1.163942,,false,tracking
24,1.2000,2,0,robot_2,0.9500,2,,false,software_dropout,GHOST,1.168937,0.017584,0.099902,0.000082,1.255546,,0.450000,0.236296,1.168937,,false,tracking
25,1.2500,2,0,robot_2,0.9500,2,,false,software_dropout,GHOST,1.173932,0.017588,0.099902,0.000082,1.400006,,0.500000,0.237694,1.173932,,false,tracking
26,1.3000,2,0,robot_2,0.9500,2,,false,software_dropout,GHOST,1.178927,0.017592,0.099902,0.000082,1.549644,,0.550000,0.239093,1.178927,,false,tracking
27,1.3500,2,0,robot_2,0.9500,2,,false,software_dropout,GHOST,1.183922,0.017596,0.099902,0.000082,1.704963,,0.600000,0.240491,1.183922,,false,tracking
28,1.4000,2,0,robot_2,0.9500,2,,false,software_dropout,GHOST,1.188918,0.017600,0.099902,0.000082,1.866461,,0.650000,0.241890,1.188918,,false,tracking
29,1.4500,2,0,robot_2,0.9500,2,,false,software_dropout,GHOST,1.193913,0.017604,0.099902,0.000082,2.034638,,0.700000,0.243289,1.193913,,false,tracking
30,1.5000,2,0,robot_2,0.9500,2,,false,software_dropout,GHOST,1.198908,0.017608,0.099902,0.000082,2.209995,,0.750000,0.244687,1.198908,,false,tracking
31,1.5500,2,0,robot_2,0.9500,2,,false,software_dropout,GHOST,1.203903,0.017612,0.099902,0.000082,2.393031,,0.800000,0.246086,1.203903,,false,tracking
32,1.6000,2,0,robot_2,0.9500,2,,false,software_dropout,GHOST,1.208898,0.017616,0.099902,0.000082,2.584247,,0.850000,0.247485,1.208898,,false,tracking
33,1.6500,2,0,robot_2,0.9500,2,,false,software_dropout,GHOST,1.213893,0.017621,0.099902,0.000082,2.784143,,0.900000,0.248883,1.213893,,false,tracking
34,1.7000,2,0,robot_2,0.9500,2,,false,software_dropout,GHOST,1.218888,0.017625,0.099902,0.000082,2.993218,,0.950000,0.250282,1.218888,,false,tracking
35,1.7500,2,0,robot_2,0.9500,2,,false,software_dropout,LOST,1.223883,0.017629,0.099902,0.000082,3.211973,,1.000000,0.000000,1.223883,,true,lost_or_unsafe
36,1.8000,2,0,robot_2,0.9500,2,,false,software_dropout,LOST,1.228878,0.017633,0.099902,0.000082,3.440907,,1.050000,0.000000,1.228878,,true,lost_or_unsafe
37,1.8500,2,0,robot_2,0.9500,2,,false,software_dropout,LOST,1.233873,0.017637,0.099902,0.000082,3.680521,,1.100000,0.000000,1.233873,,true,lost_or_unsafe
38,1.9000,2,0,robot_2,0.9500,2,,false,software_dropout,LOST,1.238869,0.017641,0.099902,0.000082,3.931314,,1.150000,0.000000,1.238869,,true,lost_or_unsafe
39,1.9500,2,0,robot_2,0.9500,2,,false,software_dropout,LOST,1.243864,0.017645,0.099902,0.000082,4.193787,,1.200000,0.000000,1.243864,,true,lost_or_unsafe
40,2.0000,2,0,robot_2,0.9500,2,,false,software_dropout,LOST,1.248859,0.017649,0.099902,0.000082,4.468439,,1.250000,0.000000,1.248859,,true,lost_or_unsafe
41,2.0500,2,0,robot_2,0.9500,2,,false,software_dropout,LOST,1.253854,0.017653,0.099902,0.000082,4.755771,,1.300000,0.000000,1.253854,,true,lost_or_unsafe
42,2.1000,2,0,robot_2,0.9500,2,,false,software_dropout,LOST,1.258849,0.017658,0.099902,0.000082,5.056283,,1.350000,0.000000,1.258849,,true,lost_or_unsafe
43,2.1500,2,0,robot_2,0.9500,2,,false,software_dropout,LOST,1.263844,0.017662,0.099902,0.000082,5.370474,,1.400000,0.000000,1.263844,,true,lost_or_unsafe
44,2.2000,2,0,robot_2,0.9500,2,,false,software_dropout,LOST,1.268839,0.017666,0.099902,0.000082,5.698844,,1.450000,0.000000,1.268839,,true,lost_or_unsafe
45,2.2500,2,0,robot_2,0.9500,2,,false,software_dropout,LOST,1.273834,0.017670,0.099902,0.000082,6.041895,,1.500000,0.000000,1.273834,,true,lost_or_unsafe
46,2.3000,2,0,robot_2,0.9500,2,,false,software_dropout,LOST,1.278829,0.017674,0.099902,0.000082,6.400124,,1.550000,0.000000,1.278829,,true,lost_or_unsafe
47,2.3500,2,0,robot_2,0.9500,2,,false,software_dropout,LOST,1.283825,0.017678,0.099902,0.000082,6.774034,,1.600000,0.000000,1.283825,,true,lost_or_unsafe
48,2.4000,2,0,robot_2,0.9500,2,,false,software_dropout,LOST,1.288820,0.017682,0.099902,0.000082,7.164122,,1.650000,0.000000,1.288820,,true,lost_or_unsafe
49,2.4500,2,2,robot_2,0.9500,2,robot_2,true,none,TRACKING,1.298637,0.018566,0.100000,0.000000,0.500000,0.000000,0.000000,0.500000,1.298637,,false,tracking
50,2.5000,2,2,robot_2,0.9500,2,robot_2,true,none,TRACKING,1.297328,0.009586,0.099746,-0.000362,0.151090,0.002666,0.000000,0.500000,1.297328,,false,tracking
51,2.5500,2,2,robot_2,0.9500,2,robot_2,true,high_nis_recovery_offset,TRACKING,2.514088,0.009617,0.100000,0.000000,0.500000,32.518768,0.000000,0.500000,2.514088,,false,tracking
52,2.6000,2,2,robot_2,0.9500,2,robot_2,true,high_nis_recovery_offset,TRACKING,2.512526,0.010590,0.099736,0.000039,0.151090,0.000974,0.000000,0.500000,2.512526,,false,tracking
53,2.6500,2,2,robot_2,0.9500,2,robot_2,true,none,TRACKING,1.317173,-0.000116,0.100000,0.000000,0.500000,31.911135,0.000000,0.500000,1.317173,,false,tracking
54,2.7000,2,2,robot_2,0.9500,2,robot_2,true,none,TRACKING,1.323706,0.004486,0.100062,0.000185,0.151090,0.000521,0.000000,0.500000,1.323706,,false,tracking
55,2.7500,2,2,robot_2,0.9500,2,robot_2,true,none,TRACKING,1.323317,0.005294,0.099699,0.000126,0.115000,0.002120,0.000000,0.500000,1.323317,,false,tracking
56,2.8000,2,2,robot_2,0.9500,2,robot_2,true,none,TRACKING,1.332186,0.005447,0.100111,0.000067,0.107949,0.001374,0.000000,0.500000,1.332186,,false,tracking
57,2.8500,2,2,robot_2,0.9500,2,robot_2,true,none,TRACKING,1.332707,0.004723,0.099764,-0.000016,0.106427,0.001996,0.000000,0.500000,1.332707,,false,tracking
58,2.9000,2,2,robot_2,0.9500,2,robot_2,true,none,TRACKING,1.342763,0.006478,0.100215,0.000105,0.106090,0.002823,0.000000,0.500000,1.342763,,false,tracking
59,2.9500,2,2,robot_2,0.9500,2,robot_2,true,none,TRACKING,1.344134,0.002830,0.099867,-0.000185,0.106015,0.002619,0.000000,0.500000,1.344134,,false,tracking
60,3.0000,2,2,robot_2,0.9500,2,robot_2,true,none,TRACKING,1.350160,0.001028,0.100004,-0.000201,0.105998,0.000424,0.000000,0.500000,1.350160,,false,tracking
61,3.0500,2,2,robot_2,0.9500,2,robot_2,true,none,TRACKING,1.355400,0.001236,0.100017,-0.000079,0.105994,0.000010,0.000000,0.500000,1.355400,,false,tracking
62,3.1000,2,2,robot_2,0.9500,2,robot_2,true,none,TRACKING,1.358374,-0.001772,0.099878,-0.000229,0.105993,0.001297,0.000000,0.500000,1.358374,,false,tracking
63,3.1500,2,2,robot_2,0.9500,2,robot_2,true,none,TRACKING,1.361584,-0.002023,0.099829,-0.000121,0.105993,0.000321,0.000000,0.500000,1.361584,,false,tracking
64,3.2000,2,2,robot_2,0.9500,2,robot_2,true,none,TRACKING,1.370430,-0.000427,0.100168,0.000046,0.105993,0.001718,0.000000,0.500000,1.370430,,false,tracking
65,3.2500,2,2,robot_2,0.9500,2,robot_2,true,none,TRACKING,1.374378,-0.002188,0.100010,-0.000091,0.105993,0.000418,0.000000,0.500000,1.374378,,false,tracking
66,3.3000,2,2,robot_2,0.9500,2,robot_2,true,none,TRACKING,1.382012,-0.002383,0.100173,-0.000055,0.105993,0.000689,0.000000,0.500000,1.382012,,false,tracking
67,3.3500,2,2,robot_2,0.9500,2,robot_2,true,none,TRACKING,1.388389,-0.003734,0.100168,-0.000112,0.105993,0.000366,0.000000,0.500000,1.388389,,false,tracking
68,3.4000,2,2,robot_2,0.9500,2,robot_2,true,none,TRACKING,1.392640,0.000594,0.100029,0.000226,0.105993,0.001910,0.000000,0.500000,1.392640,,false,tracking
69,3.4500,2,2,robot_2,0.9500,2,robot_2,true,none,TRACKING,1.396404,0.000026,0.099934,0.000068,0.105993,0.000184,0.000000,0.500000,1.396404,,false,tracking
70,3.5000,2,2,robot_2,0.9500,2,robot_2,true,none,TRACKING,1.399293,-0.002788,0.099835,-0.000149,0.105993,0.001223,0.000000,0.500000,1.399293,,false,tracking
71,3.5500,2,2,robot_2,0.9500,2,robot_2,true,none,TRACKING,1.405791,-0.004294,0.100020,-0.000165,0.105993,0.000446,0.000000,0.500000,1.405791,,false,tracking
72,3.6000,2,2,robot_2,0.9500,2,robot_2,true,none,TRACKING,1.417728,-0.004534,0.100453,-0.000091,0.105993,0.004756,0.000000,0.500000,1.417728,,false,tracking
73,3.6500,2,2,robot_2,0.9500,2,robot_2,true,none,TRACKING,1.417712,-0.013365,0.099888,-0.000607,0.105993,0.010198,0.000000,0.500000,1.417712,,false,tracking
74,3.7000,2,2,robot_2,0.9500,2,robot_2,true,none,TRACKING,1.422001,-0.009534,0.099903,-0.000034,0.105993,0.001516,0.000000,0.500000,1.422001,,false,tracking
75,3.7500,2,2,robot_2,0.9500,2,robot_2,true,none,TRACKING,1.422913,-0.009844,0.099694,-0.000036,0.105993,0.001658,0.000000,0.500000,1.422913,,false,tracking
76,3.8000,2,2,robot_2,0.9500,2,robot_2,true,none,TRACKING,1.428974,-0.010617,0.099927,-0.000066,0.105993,0.000173,0.000000,0.500000,1.428974,,false,tracking
77,3.8500,2,2,robot_2,0.9500,2,robot_2,true,none,TRACKING,1.436948,-0.009495,0.100157,0.000041,0.105993,0.000999,0.000000,0.500000,1.436948,,false,tracking
78,3.9000,2,2,robot_2,0.9500,2,robot_2,true,none,TRACKING,1.442796,-0.007457,0.100126,0.000149,0.105993,0.000480,0.000000,0.500000,1.442796,,false,tracking
79,3.9500,2,2,robot_2,0.9500,2,robot_2,true,none,TRACKING,1.440771,-0.007768,0.099609,0.000049,0.105993,0.004889,0.000000,0.500000,1.440771,,false,tracking
80,4.0000,2,2,robot_2,0.9500,2,robot_2,true,none,TRACKING,1.447052,-0.010601,0.099902,-0.000159,0.105993,0.000960,0.000000,0.500000,1.447052,,false,tracking
81,4.0500,2,2,robot_2,0.9500,2,robot_2,true,none,TRACKING,1.450730,-0.014282,0.099870,-0.000309,0.105993,0.001506,0.000000,0.500000,1.450730,,false,tracking
82,4.1000,2,2,robot_2,0.9500,2,robot_2,true,none,TRACKING,1.451391,-0.021093,0.099663,-0.000578,0.105993,0.006422,0.000000,0.500000,1.451391,,false,tracking
83,4.1500,2,2,robot_2,0.9500,2,robot_2,true,none,TRACKING,1.460930,-0.020908,0.100135,-0.000254,0.105993,0.002051,0.000000,0.500000,1.460930,,false,tracking
84,4.2000,2,2,robot_2,0.9500,2,robot_2,true,none,TRACKING,1.467575,-0.020583,0.100167,-0.000096,0.105993,0.000277,0.000000,0.500000,1.467575,,false,tracking
85,4.2500,2,2,robot_2,0.9500,2,robot_2,true,none,TRACKING,1.478322,-0.025179,0.100445,-0.000338,0.105993,0.005339,0.000000,0.500000,1.478322,,false,tracking
86,4.3000,2,2,robot_2,0.9500,2,robot_2,true,none,TRACKING,1.483435,-0.022333,0.100212,0.000026,0.105993,0.000809,0.000000,0.500000,1.483435,,false,tracking
87,4.3500,2,2,robot_2,0.9500,2,robot_2,true,none,TRACKING,1.487230,-0.018021,0.100020,0.000288,0.105993,0.001981,0.000000,0.500000,1.487230,,false,tracking
88,4.4000,2,2,robot_2,0.9500,2,robot_2,true,none,TRACKING,1.490561,-0.017568,0.099903,0.000162,0.105993,0.000295,0.000000,0.500000,1.490561,,false,tracking
89,4.4500,2,2,robot_2,0.9500,2,robot_2,true,none,TRACKING,1.500258,-0.024093,0.100256,-0.000343,0.105993,0.006393,0.000000,0.500000,1.500258,,false,tracking
