check_id,layer,requirement,evidence,status,boundary
topic_contract_row_count,topic_contract,The topic contract lists exactly the 13 expected ROS2 interface topics.,rows=13; missing=[]; extra=[],PASS,Static contract inventory only; it does not prove topic publication at runtime.
package_xml_dependencies,package_metadata,package.xml declares the runtime dependencies needed by the preflight nodes.,all required exec_depend entries present,PASS,Does not verify that the dependencies are installed in the current desktop environment.
setup_console_scripts,package_metadata,setup.py exposes all ROS2 node console scripts and matching source files.,missing_scripts=[]; files_ok=True,PASS,Entry-point presence is static; colcon build remains an external ROS2-environment gate.
launch_nodes,launch,The multi-robot preflight launch starts the five local preflight nodes.,all node executables present in launch,PASS,Static launch inspection only; it does not execute ros2 launch.
launch_fault_and_safety_args,launch,"Launch file exposes the fault-injection, NIS, timeout, and speed-limit knobs required before physical trials.",all expected launch arguments declared,PASS,Argument declaration does not prove safe values were selected by an operator.
config_topic_profile,configuration,The robot profile names every local diagnostic/control topic used by the dry-run stack.,all configured topic keys present,PASS,Config file is a preflight profile; it is not a runtime parameter dump from a robot.
detections_raw_route,topic_route,TF leader detection publishes unfaulted detections and fault injection subscribes.,contract_required_for=all_trials; missing_static_tokens=[],PASS,Static route check only; runtime ros2 topic echo/rosbag validation is still required.
selected_leader_route,topic_route,Leader-selection identity is logged separately and can filter POP tracking.,contract_required_for=ambiguity_trials; missing_static_tokens=[],PASS,Static route check only; runtime ros2 topic echo/rosbag validation is still required.
detections_faulty_route,topic_route,Fault injection publishes the perturbed detection stream and POP consumes it.,contract_required_for=fault_trials; missing_static_tokens=[],PASS,Static route check only; runtime ros2 topic echo/rosbag validation is still required.
pop_state_route,topic_route,"POP state carries mode, uncertainty, and ghost-tracking diagnostics to controller/supervisor.",contract_required_for=all_trials; missing_static_tokens=[],PASS,Static route check only; runtime ros2 topic echo/rosbag validation is still required.
cmd_vel_safe_route,topic_route,Controller publishes a bounded velocity command and supervisor observes it.,contract_required_for=closed_loop_trials; missing_static_tokens=[],PASS,Static route check only; runtime ros2 topic echo/rosbag validation is still required.
mpc_debug_route,topic_route,Controller debug output exposes headway and stop reasons for rosbag/per-frame logs.,contract_required_for=closed_loop_trials; missing_static_tokens=[],PASS,Static route check only; runtime ros2 topic echo/rosbag validation is still required.
trial_status_route,topic_route,Trial supervisor publishes online status and can append CSV summaries.,contract_required_for=all_trials; missing_static_tokens=[],PASS,Static route check only; runtime ros2 topic echo/rosbag validation is still required.
odom_external_dependency,external_dependency,Follower odometry is documented as an external robot-base dependency consumed by the controller.,producer=robot_base; consumer=trial_supervisor;controller,PASS,"The desktop audit cannot prove robot-base odometry rate, frame quality, or clock sync."
safety_state_external_dependency,external_dependency,Independent safety-supervisor state is explicitly identified as an external gate before closed-loop physical claims.,producer=safety_supervisor; consumer=trial_supervisor;logger; required_for=closed_loop_trials,PASS,This package does not implement the independent hardware supervisor; physical trials still require one.
metric_schema_template_alignment,metrics,Every required real-robot metric schema field appears in the results template.,schema_rows=29; missing_template_fields=[],PASS,Template alignment does not create measured robot evidence.
run_manifest_safety_gate,run_manifest,Run manifest template contains physical safety gates that must be filled before closed-loop trials.,all safety gate fields present,PASS,Blank templates are not evidence that an operator completed the gates.
readme_dry_run_boundary,operator_documentation,README documents dry-launch inspection commands and the no-full-scale-deployment boundary.,dry-run commands and boundary present,PASS,README review does not replace an operator checklist or safety sign-off.
static_audit_nonclaim,audit_boundary,The static audit is explicitly scoped below ROS2 build/launch and below physical validation.,"no ROS2 import, no colcon build, no ros2 launch, no robot motion",PASS,"Pass means interface consistency for preflight assets, not physical validation completion."
