check_id,layer,requirement,evidence,status,source_artifacts,boundary
hil_manifest_boundary_and_gates,manifest,"The HIL replay manifest declares shadow-only scope, ROS clock replay, actuator-bridge disablement, and archive gates.",missing=none,PASS,03_real_robot/hil_replay_manifest_template.yaml,Template audit only; it does not prove a bag has been recorded or replayed.
manifest_required_topics_match_contract,manifest,The HIL manifest requires the same 13 preflight topics listed in the ROS2 topic contract.,manifest_topics=13; missing=[]; extra=[],PASS,03_real_robot/hil_replay_manifest_template.yaml; 03_real_robot/ros2_topic_contract.csv,Topic-name agreement is static; runtime topic discovery remains required in ROS2.
rosbag_record_command_covers_contract,rosbag,The multi-robot rosbag record command includes every required contract topic.,missing=none,PASS,03_real_robot/rosbag_commands.md; 03_real_robot/ros2_topic_contract.csv,Command text coverage is not evidence that the topics were present in a recorded bag.
rosbag_play_clock_replay,rosbag,HIL replay command uses ROS clock playback.,rosbag command and manifest both contain --clock,PASS,03_real_robot/rosbag_commands.md; 03_real_robot/hil_replay_manifest_template.yaml,Clock replay command presence does not prove node use_sim_time was enabled at runtime.
actuator_bridge_disabled_before_gate,actuator_safety,The manifest keeps the actuator bridge disabled through Stage C and lists physical command topics as forbidden before the gate.,"forbidden_topics=['/cmd_vel', '/drive', '/ackermann_cmd']",PASS,03_real_robot/hil_replay_manifest_template.yaml,"This is an operator/process gate, not a physical interlock measurement."
launch_wires_hil_logging_topics,launch,"The launch file wires selected-leader, safety-state, and results-CSV topics needed for HIL replay logs.",missing=none,PASS,03_real_robot/ros2_qgip_stack/launch/multi_robot_preflight.launch.py,Launch wiring is static; ros2 launch execution remains a ROS2-environment gate.
controller_publishes_safety_state,node_source,The velocity safety controller publishes a JSON safety-state stream alongside bounded shadow commands.,missing=none,PASS,03_real_robot/ros2_qgip_stack/ros2_qgip_stack/velocity_safety_controller_node.py,Static source inspection does not prove message publication rate or ROS2 serialization.
supervisor_consumes_safety_state,node_source,The trial supervisor consumes safety-state JSON and carries the safety-stop reason into status summaries.,missing=none,PASS,03_real_robot/ros2_qgip_stack/ros2_qgip_stack/trial_supervisor_node.py,Static source inspection does not prove online safety-supervisor behaviour.
preflight_trial_stage_coverage,trial_matrix,"The preflight trial matrix covers TF dry-run, offline bag replay, HIL shadow replay, and closed-loop gate stages.","stage_counts={'A': 1, 'B': 5, 'C': 4, 'D': 2}",PASS,03_real_robot/preflight_trials_matrix.csv,Planned trial coverage is not evidence that any trial has been executed.
hil_shadow_repeat_budget,trial_matrix,"Stage C HIL shadow replay includes 20 planned repeats across baseline, full, timeout-ablation, and full dropout-brake cases.",stage_C_repeats=20,PASS,03_real_robot/preflight_trials_matrix.csv,"Repeat budget is a protocol plan, not collected HIL evidence."
closed_loop_gate_low_speed,trial_matrix,Stage D closed-loop gate remains low speed and follows HIL shadow evidence.,stage_D_repeats=20; stage_D_max_speed=0.2,PASS,03_real_robot/preflight_trials_matrix.csv,The row plan does not prove operator supervision or robot motion.
metric_schema_hil_timing_fields,metrics,"Metric schema includes timing, frame-drop, watchdog, command-age, clock-drift, and CPU/GPU fields required before real-world claims.",missing=[],PASS,03_real_robot/real_robot_metric_schema.csv,Metric schema presence does not supply measured latency values.
results_template_safety_fields,metrics,"Results CSV template includes completion, contact, stop, near-miss, lost, distance, and TTC fields.",missing=[],PASS,03_real_robot/real_robot_results_template.csv,Template fields do not prove filled per-trial results.
run_manifest_logging_and_safety_fields,manifest,"Run-manifest template captures rosbag path, clock-sync method, and shadow-command-first safety gate.",missing=none,PASS,03_real_robot/real_robot_run_manifest_template.yaml,A blank manifest template must be filled during a real HIL or robot run.
acceptance_criteria_complete,manifest,"HIL acceptance criteria cover topic completeness, clock sync, shadow command, safety-state logs, command safety, timing, contact boundary, and archival.",missing=none,PASS,03_real_robot/hil_replay_manifest_template.yaml,Acceptance criteria are predeclared; they do not certify that evidence exists yet.
archive_artifact_list_complete,manifest,HIL manifest lists the minimum raw evidence artifacts required for later repository deposit.,missing=none,PASS,03_real_robot/hil_replay_manifest_template.yaml,Archive checklist is not a DOI-backed repository deposit.
rosbag_commands_preserve_shadow_boundary,rosbag,Rosbag command notes preserve a shadow-command-first boundary before physical base control.,missing=none,PASS,03_real_robot/rosbag_commands.md,Operator compliance still has to be observed during real HIL setup.
