check_id,metric,value,acceptance,status,source_artifact,boundary
schema_field_coverage,schema_fields_present,24/24,all fields from ros2_runtime_telemetry_schema.csv are present,PASS,ros2_runtime_telemetry_dryrun_trace.csv,Schema coverage in a synthetic trace does not prove bag extraction.
required_topic_coverage,topics_present,10/10,all dry-run timing and system-monitor topics are represented,PASS,ros2_runtime_telemetry_dryrun_trace.csv,Synthetic topic coverage does not prove runtime ROS2 publication.
monotonic_timestamps,ros_and_wall_time_monotonic,ros_time_s=monotonic for 10 trial-topic streams; wall_time_s=monotonic for 10 trial-topic streams,timestamps must be monotonic by trial and topic,PASS,ros2_runtime_telemetry_dryrun_trace.csv,Timestamp monotonicity in dry-run rows does not prove robot clock quality.
latency_mean_gate,latency_mean_ms,9.072,dry-run parser QA threshold <= 18.0 ms,PASS,ros2_runtime_telemetry_dryrun_trace.csv,Synthetic latency thresholds only test the summary path.
latency_p95_gate,latency_p95_ms,11.077,dry-run parser QA threshold <= 28.0 ms,PASS,ros2_runtime_telemetry_dryrun_trace.csv,Synthetic latency thresholds only test the summary path.
latency_p99_gate,latency_p99_ms,11.509,dry-run parser QA threshold <= 32.0 ms,PASS,ros2_runtime_telemetry_dryrun_trace.csv,Synthetic latency thresholds only test the summary path.
frame_drop_gate,frame_drop_count,0,dry-run trace should contain no unexplained frame drops,PASS,ros2_runtime_telemetry_dryrun_trace.csv,A zero dry-run drop count does not prove camera or detector runtime reliability.
clock_drift_p95_gate,clock_drift_p95_ms,2.702,dry-run parser QA threshold <= 4.0 ms,PASS,ros2_runtime_telemetry_dryrun_trace.csv,Age/drift values are synthetic and only validate summary bookkeeping.
tf_age_p95_gate,tf_age_p95_ms,37.849,dry-run parser QA threshold <= 60.0 ms,PASS,ros2_runtime_telemetry_dryrun_trace.csv,Age/drift values are synthetic and only validate summary bookkeeping.
selected_leader_age_p95_gate,selected_leader_age_p95_ms,50.379,dry-run parser QA threshold <= 80.0 ms,PASS,ros2_runtime_telemetry_dryrun_trace.csv,Age/drift values are synthetic and only validate summary bookkeeping.
cmd_vel_safe_age_p95_gate,cmd_vel_safe_age_p95_ms,68.800,dry-run parser QA threshold <= 120.0 ms,PASS,ros2_runtime_telemetry_dryrun_trace.csv,Age/drift values are synthetic and only validate summary bookkeeping.
watchdog_reason_gate,watchdog_triggers_explained,3,synthetic watchdog triggers must include safety_state and reason,PASS,ros2_runtime_telemetry_dryrun_trace.csv,Explained synthetic watchdog triggers do not prove robot safety supervision.
cpu_load_mean_gate,cpu_load_mean_percent,45.125,dry-run parser QA threshold <= 75.0 percent,PASS,ros2_runtime_telemetry_dryrun_trace.csv,System-load values are synthetic and do not prove embedded feasibility.
gpu_load_mean_gate,gpu_load_mean_percent,31.887,dry-run parser QA threshold <= 70.0 percent,PASS,ros2_runtime_telemetry_dryrun_trace.csv,System-load values are synthetic and do not prove embedded feasibility.
gpu_memory_peak_gate,gpu_memory_peak_mb,680.200,dry-run parser QA threshold <= 1024.0 MB,PASS,ros2_runtime_telemetry_dryrun_trace.csv,System-load values are synthetic and do not prove embedded feasibility.
source_boundary_gate,synthetic_source_declared,sources=synthetic_runtime_telemetry_dryrun; rosbag_paths=synthetic://runtime_telemetry_dryrun_no_bag,dry-run rows must be visibly synthetic and non-bag evidence,PASS,ros2_runtime_telemetry_dryrun_trace.csv,The declared synthetic source prevents treating these rows as HIL or robot measurements.
