node_id,claim_layer,claim_or_assumption,evidence_artifacts,evidence_status,boundary,next_required_evidence
SC0,top claim,The package supports a bounded simulation-first safety argument for structured-road following under the tested perception-uncertainty protocols.,claim_evidence_matrix.csv; statistical_claim_audit.csv; RA_L_extended_working.tex,PASS,"The argument is simulation-first and does not prove zero real-world risk, unrestricted deployment, or completed physical validation.","Independent raw-run reproduction, DOI-backed repository, ROS2/HIL timing, and supervised robot trials."
SC1,ODD and split control,The evaluation ODD and dataset split are explicit enough to prevent route/map leakage overclaims.,final_dataset_split_check.csv; final_dataset_split_overlap.csv; table_dataset_split_audit.tex,PASS,"Split checks prove file-level separation only; Town10HD/Leaderboard remains stress evidence, not unrestricted map-level deployment proof.",External held-out maps and raw route manifests deposited with DOI metadata.
SC2,target-consistency evidence,"The main discriminating benefit is improved target consistency under ambiguity, not universal mission-completion superiority.",stress_summary_combined.csv; pairwise_stats_combined.csv; claim_evidence_matrix.csv,PASS,Route-level completion can remain equal under conservative MPC; target-consistency metrics carry the central comparative claim.,Additional ambiguous multi-agent scenarios with raw logs and independent reruns.
SC3,finite-sample collision interpretation,Zero observed collisions are reported as finite-sample observations with a rule-of-three boundary.,statistical_claim_audit.csv; RA_L_extended_working.tex,PASS,A finite simulation protocol cannot certify true collision probability as zero.,"Larger raw reruns, independent scenario sampling, and physical safety-supervisor logs."
SC4,fail-safe availability trade-off,"Fail-safe stops are counted as task failures, making the safety-versus-availability trade-off visible.",claim_evidence_matrix.csv; RA_L_extended_working.tex,PASS,Conservatism can reduce availability; the current paper does not solve all stopping or semantic rule-compliance failures.,Risk-aware planner tuning and real-world operator-reviewed availability metrics.
SC5,uncertainty monitor response,NIS/POP diagnostics expose uncertainty response under noise and outlier perturbations.,carla_nis_noise_sweep_qgip100_summary.csv; carla_nis_outlier_qgip100_summary.csv; fig_extended_nis_response,PASS,NIS diagnostics are not real-sensor calibration and do not prove ROS2 runtime behavior.,Sensor-calibrated residual distributions and ROS2 bagged NIS traces.
SC6,stress coverage,"Detector/timing, raw-sensor-like, ambiguity, boundary, and NIS diagnostic layers reduce single-protocol dependence.",simulation_protocol_registry.csv; stress_summary_combined.csv; publication_figure_qa.csv,PASS,"Layered stress coverage remains scripted simulation evidence, not photorealistic raw-sensor validation.","Raw-sensor replay, weather/lighting sweeps, and independent stress-protocol reruns."
SC7,ROS2 preflight readiness,"ROS2 interface, CI, software-smoke, HIL-manifest, and gate audits prepare the system for supervised real-robot validation.",ros2_static_interface_audit.csv; ros2_workspace_ci_audit.csv; real_robot_software_smoke_test.csv; pre_real_robot_gate_audit.csv,PASS,"Static and desktop checks do not prove colcon build/test, live ros2 launch, rosbag timing, or robot motion.","Executed colcon logs, launch logs, bags, HIL replay summaries, and operator-signed run manifests."
SC8,runtime telemetry readiness,"Runtime telemetry schema, manifest, audit, and parser dry-run make future HIL/robot timing evidence immediately auditable.",ros2_runtime_telemetry_audit.csv; ros2_runtime_telemetry_dryrun_summary.csv; runtime_telemetry_manifest_template.yaml,PASS,"Telemetry readiness and synthetic parser QA do not prove live ROS2 timing, embedded feasibility, or physical robot motion.","Filled runtime telemetry CSVs, rosbag metadata, topic-hz logs, system-load logs, and incident reports."
SC9,publication and data provenance,"Figure/table QA, source-data provenance, reproducibility capsule, and local deposit metadata control package drift.",publication_figure_qa.csv; source_data_provenance_audit.csv; reproducibility_command_manifest_20260604.csv; repository_deposit_manifest_20260603.csv,PASS,Local provenance is not a DOI-backed repository and does not replace independent raw-data reproduction.,"Public repository DOI/accession, licence, reviewer link, and raw-run reproduction instructions."
SC10,non-claim boundary,"The manuscript and audit reports explicitly block physical-validation, zero-risk, and deployment-safety overclaims.",manuscript_argument_traceability.csv; reviewer_risk_response_matrix_20260603.md; full_goal_completion_audit_20260603.md,PASS,Lexical and artifact-level boundary checks do not replace expert review.,"Reviewer-facing response updates after raw reruns, ROS2/HIL logs, DOI deposit, and robot trials."
SC11,remaining validation gap,The remaining gap is external execution evidence rather than missing local pre-real-robot package structure.,full_goal_completion_audit_20260603.md; pre_real_robot_gate_audit_report_20260604.md; repository_deposit_readiness_report_20260603.md,PASS,The package is not complete for a physical-validation claim.,"Run colcon build/test, ros2 launch, HIL replay, runtime telemetry extraction, physical trials, and DOI deposit."
