audit_id,asset_family,requirement,evidence,status,source_artifacts,derived_outputs,boundary
source_inventory_main_benchmark_source_csv,core source data,"`main_benchmark_source.csv` exists, is non-empty, and has the expected minimum row count for main benchmark table.",main_benchmark_source.csv=5 rows,PASS,08_paper_ready_outputs/source_data/main_benchmark_source.csv,main benchmark table,Processed source-data inventory; this does not prove raw CARLA rerun reproducibility.
source_inventory_main1000_nominal_source_csv,core source data,"`main1000_nominal_source.csv` exists, is non-empty, and has the expected minimum row count for nominal N=1000 sanity check.",main1000_nominal_source.csv=3 rows,PASS,08_paper_ready_outputs/source_data/main1000_nominal_source.csv,nominal N=1000 sanity check,Processed source-data inventory; this does not prove raw CARLA rerun reproducibility.
source_inventory_carla_scenario_coverage_source_csv,core source data,"`carla_scenario_coverage_source.csv` exists, is non-empty, and has the expected minimum row count for scenario coverage table.",carla_scenario_coverage_source.csv=7 rows,PASS,08_paper_ready_outputs/source_data/carla_scenario_coverage_source.csv,scenario coverage table,Processed source-data inventory; this does not prove raw CARLA rerun reproducibility.
source_inventory_stress_summary_combined_csv,core source data,"`stress_summary_combined.csv` exists, is non-empty, and has the expected minimum row count for stress-suite outcome tables and figures.",stress_summary_combined.csv=27 rows,PASS,08_paper_ready_outputs/source_data/stress_summary_combined.csv,stress-suite outcome tables and figures,Processed source-data inventory; this does not prove raw CARLA rerun reproducibility.
source_inventory_pairwise_stats_combined_csv,core source data,"`pairwise_stats_combined.csv` exists, is non-empty, and has the expected minimum row count for paired statistics and intervals.",pairwise_stats_combined.csv=15 rows,PASS,08_paper_ready_outputs/source_data/pairwise_stats_combined.csv,paired statistics and intervals,Processed source-data inventory; this does not prove raw CARLA rerun reproducibility.
source_inventory_figure_stress_leader_metrics_csv,core source data,"`figure_stress_leader_metrics.csv` exists, is non-empty, and has the expected minimum row count for target-consistency plotting source.",figure_stress_leader_metrics.csv=15 rows,PASS,08_paper_ready_outputs/source_data/figure_stress_leader_metrics.csv,target-consistency plotting source,Processed source-data inventory; this does not prove raw CARLA rerun reproducibility.
source_inventory_extended_stress_qgip_summary_csv,core source data,"`extended_stress_qgip_summary.csv` exists, is non-empty, and has the expected minimum row count for extended stress synthesis.",extended_stress_qgip_summary.csv=7 rows,PASS,08_paper_ready_outputs/source_data/extended_stress_qgip_summary.csv,extended stress synthesis,Processed source-data inventory; this does not prove raw CARLA rerun reproducibility.
source_inventory_claim_evidence_matrix_csv,core source data,"`claim_evidence_matrix.csv` exists, is non-empty, and has the expected minimum row count for claim-to-evidence table.",claim_evidence_matrix.csv=8 rows,PASS,08_paper_ready_outputs/source_data/claim_evidence_matrix.csv,claim-to-evidence table,Processed source-data inventory; this does not prove raw CARLA rerun reproducibility.
source_inventory_fig_nature_system_evidence_source_csv,core source data,"`fig_nature_system_evidence_source.csv` exists, is non-empty, and has the expected minimum row count for Nature-style Figure 1 panels.",fig_nature_system_evidence_source.csv=16 rows,PASS,08_paper_ready_outputs/source_data/fig_nature_system_evidence_source.csv,Nature-style Figure 1 panels,Processed source-data inventory; this does not prove raw CARLA rerun reproducibility.
source_inventory_final_dataset_split_check_csv,core source data,"`final_dataset_split_check.csv` exists, is non-empty, and has the expected minimum row count for dataset split audit.",final_dataset_split_check.csv=3 rows,PASS,08_paper_ready_outputs/source_data/final_dataset_split_check.csv,dataset split audit,Processed source-data inventory; this does not prove raw CARLA rerun reproducibility.
source_inventory_final_dataset_split_overlap_csv,core source data,"`final_dataset_split_overlap.csv` exists, is non-empty, and has the expected minimum row count for dataset overlap audit.",final_dataset_split_overlap.csv=3 rows,PASS,08_paper_ready_outputs/source_data/final_dataset_split_overlap.csv,dataset overlap audit,Processed source-data inventory; this does not prove raw CARLA rerun reproducibility.
source_inventory_final_dataset_split_check_md,core source data,"`final_dataset_split_check.md` exists, is non-empty, and has the expected minimum row count for human-readable split audit.",final_dataset_split_check.md=654 bytes,PASS,08_paper_ready_outputs/source_data/final_dataset_split_check.md,human-readable split audit,Processed source-data inventory; this does not prove raw CARLA rerun reproducibility.
source_inventory_carla_nis_diagnostic_summary_csv,core source data,"`carla_nis_diagnostic_summary.csv` exists, is non-empty, and has the expected minimum row count for initial CARLA NIS diagnostic.",carla_nis_diagnostic_summary.csv=1 rows,PASS,08_paper_ready_outputs/source_data/carla_nis_diagnostic_summary.csv,initial CARLA NIS diagnostic,Processed source-data inventory; this does not prove raw CARLA rerun reproducibility.
source_inventory_carla_nis_diagnostic_episode_results_csv,core source data,"`carla_nis_diagnostic_episode_results.csv` exists, is non-empty, and has the expected minimum row count for per-episode NIS diagnostic.",carla_nis_diagnostic_episode_results.csv=30 rows,PASS,08_paper_ready_outputs/source_data/carla_nis_diagnostic_episode_results.csv,per-episode NIS diagnostic,Processed source-data inventory; this does not prove raw CARLA rerun reproducibility.
source_inventory_carla_nis_noise_sweep_qgip100_summary_csv,core source data,"`carla_nis_noise_sweep_qgip100_summary.csv` exists, is non-empty, and has the expected minimum row count for NIS noise sweep table.",carla_nis_noise_sweep_qgip100_summary.csv=3 rows,PASS,08_paper_ready_outputs/source_data/carla_nis_noise_sweep_qgip100_summary.csv,NIS noise sweep table,Processed source-data inventory; this does not prove raw CARLA rerun reproducibility.
source_inventory_carla_nis_noise_sweep_figure_data_csv,core source data,"`carla_nis_noise_sweep_figure_data.csv` exists, is non-empty, and has the expected minimum row count for NIS noise figure source.",carla_nis_noise_sweep_figure_data.csv=3 rows,PASS,08_paper_ready_outputs/source_data/carla_nis_noise_sweep_figure_data.csv,NIS noise figure source,Processed source-data inventory; this does not prove raw CARLA rerun reproducibility.
source_inventory_carla_nis_outlier_qgip100_summary_csv,core source data,"`carla_nis_outlier_qgip100_summary.csv` exists, is non-empty, and has the expected minimum row count for NIS outlier sweep table.",carla_nis_outlier_qgip100_summary.csv=3 rows,PASS,08_paper_ready_outputs/source_data/carla_nis_outlier_qgip100_summary.csv,NIS outlier sweep table,Processed source-data inventory; this does not prove raw CARLA rerun reproducibility.
source_inventory_carla_nis_outlier_figure_data_csv,core source data,"`carla_nis_outlier_figure_data.csv` exists, is non-empty, and has the expected minimum row count for NIS outlier figure source.",carla_nis_outlier_figure_data.csv=3 rows,PASS,08_paper_ready_outputs/source_data/carla_nis_outlier_figure_data.csv,NIS outlier figure source,Processed source-data inventory; this does not prove raw CARLA rerun reproducibility.
source_inventory_synthetic_pop_nis300_summary_csv,core source data,"`synthetic_pop_nis300_summary.csv` exists, is non-empty, and has the expected minimum row count for local POP/NIS mechanism check.",synthetic_pop_nis300_summary.csv=21 rows,PASS,08_paper_ready_outputs/source_data/synthetic_pop_nis300_summary.csv,local POP/NIS mechanism check,Processed source-data inventory; this does not prove raw CARLA rerun reproducibility.
source_inventory_synthetic_pop_nis300_episode_results_csv,core source data,"`synthetic_pop_nis300_episode_results.csv` exists, is non-empty, and has the expected minimum row count for per-episode mechanism check.",synthetic_pop_nis300_episode_results.csv=6300 rows,PASS,08_paper_ready_outputs/source_data/synthetic_pop_nis300_episode_results.csv,per-episode mechanism check,Processed source-data inventory; this does not prove raw CARLA rerun reproducibility.
source_inventory_simulation_protocol_registry_csv,protocol source data,"`simulation_protocol_registry.csv` exists, is non-empty, and has the expected minimum row count for simulation and preflight protocol registry.",simulation_protocol_registry.csv=21 rows,PASS,08_paper_ready_outputs/source_data/simulation_protocol_registry.csv,simulation and preflight protocol registry,Processed source-data inventory; this does not prove raw CARLA rerun reproducibility.
source_inventory_figure_accessibility_metrics_csv,audit source data,"`figure_accessibility_metrics.csv` exists, is non-empty, and has the expected minimum row count for figure accessibility QA.",figure_accessibility_metrics.csv=39 rows,PASS,08_paper_ready_outputs/source_data/figure_accessibility_metrics.csv,figure accessibility QA,Processed source-data inventory; this does not prove raw CARLA rerun reproducibility.
source_inventory_real_robot_preflight_validation_csv,audit source data,"`real_robot_preflight_validation.csv` exists, is non-empty, and has the expected minimum row count for offline real-robot preflight validation.",real_robot_preflight_validation.csv=41 rows,PASS,08_paper_ready_outputs/source_data/real_robot_preflight_validation.csv,offline real-robot preflight validation,Processed source-data inventory; this does not prove raw CARLA rerun reproducibility.
source_inventory_real_robot_offline_dryrun_trace_csv,audit source data,"`real_robot_offline_dryrun_trace.csv` exists, is non-empty, and has the expected minimum row count for offline real-robot behavior dry-run trace.",real_robot_offline_dryrun_trace.csv=90 rows,PASS,08_paper_ready_outputs/source_data/real_robot_offline_dryrun_trace.csv,offline real-robot behavior dry-run trace,Processed source-data inventory; this does not prove raw CARLA rerun reproducibility.
source_inventory_real_robot_offline_dryrun_summary_csv,audit source data,"`real_robot_offline_dryrun_summary.csv` exists, is non-empty, and has the expected minimum row count for offline real-robot behavior dry-run summary.",real_robot_offline_dryrun_summary.csv=12 rows,PASS,08_paper_ready_outputs/source_data/real_robot_offline_dryrun_summary.csv,offline real-robot behavior dry-run summary,Processed source-data inventory; this does not prove raw CARLA rerun reproducibility.
source_inventory_real_robot_software_smoke_test_csv,audit source data,"`real_robot_software_smoke_test.csv` exists, is non-empty, and has the expected minimum row count for executable real-robot software smoke test.",real_robot_software_smoke_test.csv=17 rows,PASS,08_paper_ready_outputs/source_data/real_robot_software_smoke_test.csv,executable real-robot software smoke test,Processed source-data inventory; this does not prove raw CARLA rerun reproducibility.
source_inventory_ros2_workspace_ci_audit_csv,audit source data,"`ros2_workspace_ci_audit.csv` exists, is non-empty, and has the expected minimum row count for ROS2 workspace CI readiness audit.",ros2_workspace_ci_audit.csv=11 rows,PASS,08_paper_ready_outputs/source_data/ros2_workspace_ci_audit.csv,ROS2 workspace CI readiness audit,Processed source-data inventory; this does not prove raw CARLA rerun reproducibility.
source_inventory_ros2_runtime_telemetry_audit_csv,audit source data,"`ros2_runtime_telemetry_audit.csv` exists, is non-empty, and has the expected minimum row count for ROS2 runtime telemetry readiness audit.",ros2_runtime_telemetry_audit.csv=15 rows,PASS,08_paper_ready_outputs/source_data/ros2_runtime_telemetry_audit.csv,ROS2 runtime telemetry readiness audit,Processed source-data inventory; this does not prove raw CARLA rerun reproducibility.
source_inventory_ros2_runtime_telemetry_dryrun_trace_csv,audit source data,"`ros2_runtime_telemetry_dryrun_trace.csv` exists, is non-empty, and has the expected minimum row count for ROS2 runtime telemetry parser dry-run trace.",ros2_runtime_telemetry_dryrun_trace.csv=320 rows,PASS,08_paper_ready_outputs/source_data/ros2_runtime_telemetry_dryrun_trace.csv,ROS2 runtime telemetry parser dry-run trace,Processed source-data inventory; this does not prove raw CARLA rerun reproducibility.
source_inventory_ros2_runtime_telemetry_dryrun_summary_csv,audit source data,"`ros2_runtime_telemetry_dryrun_summary.csv` exists, is non-empty, and has the expected minimum row count for ROS2 runtime telemetry parser dry-run summary.",ros2_runtime_telemetry_dryrun_summary.csv=16 rows,PASS,08_paper_ready_outputs/source_data/ros2_runtime_telemetry_dryrun_summary.csv,ROS2 runtime telemetry parser dry-run summary,Processed source-data inventory; this does not prove raw CARLA rerun reproducibility.
source_inventory_ros2_hil_replay_manifest_audit_csv,audit source data,"`ros2_hil_replay_manifest_audit.csv` exists, is non-empty, and has the expected minimum row count for ROS2/HIL replay manifest audit.",ros2_hil_replay_manifest_audit.csv=17 rows,PASS,08_paper_ready_outputs/source_data/ros2_hil_replay_manifest_audit.csv,ROS2/HIL replay manifest audit,Processed source-data inventory; this does not prove raw CARLA rerun reproducibility.
source_inventory_fig13_offline_dryrun_contract_timeline_v2_source_data_csv,core source data,"`fig13_offline_dryrun_contract_timeline_v2_source_data.csv` exists, is non-empty, and has the expected minimum row count for offline dry-run contract-timeline figure.",fig13_offline_dryrun_contract_timeline_v2_source_data.csv=189 rows,PASS,08_paper_ready_outputs/source_data/fig13_offline_dryrun_contract_timeline_v2_source_data.csv,offline dry-run contract-timeline figure,Processed source-data inventory; this does not prove raw CARLA rerun reproducibility.
source_inventory_pre_real_robot_gate_audit_csv,audit source data,"`pre_real_robot_gate_audit.csv` exists, is non-empty, and has the expected minimum row count for pre-real-robot go/no-go gate audit.",pre_real_robot_gate_audit.csv=23 rows,PASS,08_paper_ready_outputs/source_data/pre_real_robot_gate_audit.csv,pre-real-robot go/no-go gate audit,Processed source-data inventory; this does not prove raw CARLA rerun reproducibility.
source_inventory_real_robot_template_summary_csv,audit source data,"`real_robot_template_summary.csv` exists, is non-empty, and has the expected minimum row count for future real-robot summary template.",real_robot_template_summary.csv=1 rows,PASS,08_paper_ready_outputs/source_data/real_robot_template_summary.csv,future real-robot summary template,Processed source-data inventory; this does not prove raw CARLA rerun reproducibility.
source_inventory_statistical_claim_audit_csv,audit source data,"`statistical_claim_audit.csv` exists, is non-empty, and has the expected minimum row count for statistical claim drift control.",statistical_claim_audit.csv=36 rows,PASS,08_paper_ready_outputs/source_data/statistical_claim_audit.csv,statistical claim drift control,Processed source-data inventory; this does not prove raw CARLA rerun reproducibility.
source_inventory_manuscript_argument_traceability_csv,audit source data,"`manuscript_argument_traceability.csv` exists, is non-empty, and has the expected minimum row count for manuscript argument traceability.",manuscript_argument_traceability.csv=22 rows,PASS,08_paper_ready_outputs/source_data/manuscript_argument_traceability.csv,manuscript argument traceability,Processed source-data inventory; this does not prove raw CARLA rerun reproducibility.
source_inventory_safety_case_claim_graph_csv,audit source data,"`safety_case_claim_graph.csv` exists, is non-empty, and has the expected minimum row count for bounded safety-case claim graph.",safety_case_claim_graph.csv=12 rows,PASS,08_paper_ready_outputs/source_data/safety_case_claim_graph.csv,bounded safety-case claim graph,Processed source-data inventory; this does not prove raw CARLA rerun reproducibility.
source_inventory_fig_safety_case_evidence_map_source_csv,core source data,"`fig_safety_case_evidence_map_source.csv` exists, is non-empty, and has the expected minimum row count for safety-case evidence-boundary figure.",fig_safety_case_evidence_map_source.csv=missing_or_empty,FAIL,08_paper_ready_outputs/source_data/fig_safety_case_evidence_map_source.csv,safety-case evidence-boundary figure,Processed source-data inventory; this does not prove raw CARLA rerun reproducibility.
source_inventory_fig_evidence_coverage_matrix_source_csv,core source data,"`fig_evidence_coverage_matrix_source.csv` exists, is non-empty, and has the expected minimum row count for protocol-to-claim evidence coverage figure.",fig_evidence_coverage_matrix_source.csv=53 rows,PASS,08_paper_ready_outputs/source_data/fig_evidence_coverage_matrix_source.csv,protocol-to-claim evidence coverage figure,Processed source-data inventory; this does not prove raw CARLA rerun reproducibility.
source_inventory_fig_simulation_effect_size_source_csv,core source data,"`fig_simulation_effect_size_source.csv` exists, is non-empty, and has the expected minimum row count for simulation effect-size and finite-sample boundary figure.",fig_simulation_effect_size_source.csv=55 rows,PASS,08_paper_ready_outputs/source_data/fig_simulation_effect_size_source.csv,simulation effect-size and finite-sample boundary figure,Processed source-data inventory; this does not prove raw CARLA rerun reproducibility.
source_inventory_fig_simulation_stress_atlas_source_csv,core source data,"`fig_simulation_stress_atlas_source.csv` exists, is non-empty, and has the expected minimum row count for simulation stress atlas figure.",fig_simulation_stress_atlas_source.csv=62 rows,PASS,08_paper_ready_outputs/source_data/fig_simulation_stress_atlas_source.csv,simulation stress atlas figure,Processed source-data inventory; this does not prove raw CARLA rerun reproducibility.
source_inventory_fig12_validation_boundary_narrative_v4_source_data_csv,core source data,"`fig12_validation_boundary_narrative_v4_source_data.csv` exists, is non-empty, and has the expected minimum row count for pre-real-robot validation-boundary narrative figure.",fig12_validation_boundary_narrative_v4_source_data.csv=4 rows,PASS,08_paper_ready_outputs/source_data/fig12_validation_boundary_narrative_v4_source_data.csv,pre-real-robot validation-boundary narrative figure,Processed source-data inventory; this does not prove raw CARLA rerun reproducibility.
source_inventory_ros2_static_interface_audit_csv,audit source data,"`ros2_static_interface_audit.csv` exists, is non-empty, and has the expected minimum row count for ROS2 static interface traceability.",ros2_static_interface_audit.csv=19 rows,PASS,08_paper_ready_outputs/source_data/ros2_static_interface_audit.csv,ROS2 static interface traceability,Processed source-data inventory; this does not prove raw CARLA rerun reproducibility.
source_inventory_publication_figure_qa_csv,audit source data,"`publication_figure_qa.csv` exists, is non-empty, and has the expected minimum row count for publication figure QA traceability.",publication_figure_qa.csv=119 rows,PASS,08_paper_ready_outputs/source_data/publication_figure_qa.csv,publication figure QA traceability,Processed source-data inventory; this does not prove raw CARLA rerun reproducibility.
source_inventory_provenance_audit_declared,audit source data,The provenance audit declares both machine-readable CSV and human-readable report outputs.,target_csv=08_paper_ready_outputs/source_data/source_data_provenance_audit.csv; target_report=06_submission_package/source_data_provenance_audit_report_20260604.md,PASS,05_analysis_scripts/generate_source_data_provenance_audit.py,source_data_provenance_audit.csv; source_data_provenance_audit_report_20260604.md,The first run creates these outputs; subsequent verifier runs check packaged copies.
figure_to_source_fig_nature_system_evidence,figure-to-source-data mapping,"`fig_nature_system_evidence` has four publication exports, a generator, and source-data files for system contract, target consistency, and NIS diagnostic evidence.",fig_nature_system_evidence.pdf=52573 bytes; fig_nature_system_evidence.svg=41320 bytes; fig_nature_system_evidence.tiff=51449294 bytes; fig_nature_system_evidence.png=560618 bytes; generate_nature_main_figure.py=10765 bytes; fig_nature_system_evidence_source.csv=16 rows; stress_summary_combined.csv=27 rows; carla_nis_noise_sweep_qgip100_summary.csv=3 rows; carla_nis_outlier_qgip100_summary.csv=3 rows,PASS,fig_nature_system_evidence_source.csv; stress_summary_combined.csv; carla_nis_noise_sweep_qgip100_summary.csv; carla_nis_outlier_qgip100_summary.csv,"fig_nature_system_evidence.{pdf,svg,tiff,png} via generate_nature_main_figure.py","Figure source-data traceability covers processed data, not complete raw simulator logs."
figure_to_source_fig_extended_dataset_split,figure-to-source-data mapping,"`fig_extended_dataset_split` has four publication exports, a generator, and source-data files for dataset split composition and leakage audit.",fig_extended_dataset_split.pdf=21219 bytes; fig_extended_dataset_split.svg=15405 bytes; fig_extended_dataset_split.tiff=12297806 bytes; fig_extended_dataset_split.png=78898 bytes; generate_extended_artifacts.py=25718 bytes; final_dataset_split_check.csv=3 rows; final_dataset_split_overlap.csv=3 rows,PASS,final_dataset_split_check.csv; final_dataset_split_overlap.csv,"fig_extended_dataset_split.{pdf,svg,tiff,png} via generate_extended_artifacts.py","Figure source-data traceability covers processed data, not complete raw simulator logs."
figure_to_source_fig_extended_stress_outcomes,figure-to-source-data mapping,"`fig_extended_stress_outcomes` has four publication exports, a generator, and source-data files for route outcome and target-consistency stress synthesis.",fig_extended_stress_outcomes.pdf=13663 bytes; fig_extended_stress_outcomes.svg=17988 bytes; fig_extended_stress_outcomes.tiff=26208206 bytes; fig_extended_stress_outcomes.png=59446 bytes; generate_extended_artifacts.py=25718 bytes; extended_stress_qgip_summary.csv=7 rows; stress_summary_combined.csv=27 rows,PASS,extended_stress_qgip_summary.csv; stress_summary_combined.csv,"fig_extended_stress_outcomes.{pdf,svg,tiff,png} via generate_extended_artifacts.py","Figure source-data traceability covers processed data, not complete raw simulator logs."
figure_to_source_fig_extended_nis_response,figure-to-source-data mapping,"`fig_extended_nis_response` has four publication exports, a generator, and source-data files for NIS noise and outlier diagnostic response.",fig_extended_nis_response.pdf=19380 bytes; fig_extended_nis_response.svg=29098 bytes; fig_extended_nis_response.tiff=24192206 bytes; fig_extended_nis_response.png=114336 bytes; generate_extended_artifacts.py=25718 bytes; carla_nis_noise_sweep_qgip100_summary.csv=3 rows; carla_nis_outlier_qgip100_summary.csv=3 rows,PASS,carla_nis_noise_sweep_qgip100_summary.csv; carla_nis_outlier_qgip100_summary.csv,"fig_extended_nis_response.{pdf,svg,tiff,png} via generate_extended_artifacts.py","Figure source-data traceability covers processed data, not complete raw simulator logs."
figure_to_source_fig13_offline_dryrun_contract_timeline_v2,figure-to-source-data mapping,"`fig13_offline_dryrun_contract_timeline_v2` has four publication exports, a generator, and source-data files for offline selected-leader, POP/NIS, controller-proxy, and telemetry-gate contract timeline.",fig13_offline_dryrun_contract_timeline_v2.pdf=24395 bytes; fig13_offline_dryrun_contract_timeline_v2.svg=37654 bytes; fig13_offline_dryrun_contract_timeline_v2.tiff=31425182 bytes; fig13_offline_dryrun_contract_timeline_v2.png=318467 bytes; fig13_offline_dryrun_contract_timeline_v2.py=11095 bytes; fig13_offline_dryrun_contract_timeline_v2_source_data.csv=189 rows; real_robot_offline_dryrun_trace.csv=90 rows; ros2_runtime_telemetry_dryrun_summary.csv=16 rows,PASS,fig13_offline_dryrun_contract_timeline_v2_source_data.csv; real_robot_offline_dryrun_trace.csv; ros2_runtime_telemetry_dryrun_summary.csv,"fig13_offline_dryrun_contract_timeline_v2.{pdf,svg,tiff,png} via fig13_offline_dryrun_contract_timeline_v2.py","Figure source-data traceability covers processed data, not complete raw simulator logs."
figure_to_source_fig_safety_case_evidence_map,figure-to-source-data mapping,"`fig_safety_case_evidence_map` has four publication exports, a generator, and source-data files for bounded safety-case evidence map and external-validation boundary.",fig_safety_case_evidence_map.pdf=0 bytes; fig_safety_case_evidence_map.svg=0 bytes; fig_safety_case_evidence_map.tiff=0 bytes; fig_safety_case_evidence_map.png=0 bytes; generate_safety_case_figure.py=0 bytes; fig_safety_case_evidence_map_source.csv=missing_or_empty; safety_case_claim_graph.csv=12 rows,FAIL,fig_safety_case_evidence_map_source.csv; safety_case_claim_graph.csv,"fig_safety_case_evidence_map.{pdf,svg,tiff,png} via generate_safety_case_figure.py","Figure source-data traceability covers processed data, not complete raw simulator logs."
figure_to_source_fig_evidence_coverage_matrix,figure-to-source-data mapping,"`fig_evidence_coverage_matrix` has four publication exports, a generator, and source-data files for protocol-to-claim evidence coverage matrix linking simulation, audit, and pre-real-robot readiness layers.",fig_evidence_coverage_matrix.pdf=21227 bytes; fig_evidence_coverage_matrix.svg=24509 bytes; fig_evidence_coverage_matrix.tiff=29245550 bytes; fig_evidence_coverage_matrix.png=384432 bytes; generate_evidence_coverage_matrix.py=15029 bytes; fig_evidence_coverage_matrix_source.csv=53 rows; simulation_protocol_registry.csv=21 rows; claim_evidence_matrix.csv=8 rows,PASS,fig_evidence_coverage_matrix_source.csv; simulation_protocol_registry.csv; claim_evidence_matrix.csv,"fig_evidence_coverage_matrix.{pdf,svg,tiff,png} via generate_evidence_coverage_matrix.py","Figure source-data traceability covers processed data, not complete raw simulator logs."
figure_to_source_fig_simulation_effect_size,figure-to-source-data mapping,"`fig_simulation_effect_size` has four publication exports, a generator, and source-data files for simulation effect-size synthesis linking route outcomes, target-consistency gains, wrong-leader exposure reduction, and finite-sample collision boundaries.",fig_simulation_effect_size.pdf=0 bytes; fig_simulation_effect_size.svg=0 bytes; fig_simulation_effect_size.tiff=0 bytes; fig_simulation_effect_size.png=0 bytes; generate_simulation_effect_size_figure.py=14573 bytes; fig_simulation_effect_size_source.csv=55 rows; main_benchmark_source.csv=5 rows; pairwise_stats_combined.csv=15 rows; extended_stress_qgip_summary.csv=7 rows,FAIL,fig_simulation_effect_size_source.csv; main_benchmark_source.csv; pairwise_stats_combined.csv; extended_stress_qgip_summary.csv,"fig_simulation_effect_size.{pdf,svg,tiff,png} via generate_simulation_effect_size_figure.py","Figure source-data traceability covers processed data, not complete raw simulator logs."
figure_to_source_fig_simulation_stress_atlas,figure-to-source-data mapping,"`fig_simulation_stress_atlas` has four publication exports, a generator, and source-data files for reader-facing simulation stress atlas linking evidence scale, stress outcomes, ambiguity effect sizes, and NIS diagnostic response.",fig_simulation_stress_atlas.pdf=0 bytes; fig_simulation_stress_atlas.svg=0 bytes; fig_simulation_stress_atlas.tiff=0 bytes; fig_simulation_stress_atlas.png=0 bytes; generate_simulation_stress_atlas_figure.py=19716 bytes; fig_simulation_stress_atlas_source.csv=62 rows; main_benchmark_source.csv=5 rows; main1000_nominal_source.csv=3 rows; stress_summary_combined.csv=27 rows; pairwise_stats_combined.csv=15 rows; carla_nis_noise_sweep_qgip100_summary.csv=3 rows; carla_nis_outlier_qgip100_summary.csv=3 rows,FAIL,fig_simulation_stress_atlas_source.csv; main_benchmark_source.csv; main1000_nominal_source.csv; stress_summary_combined.csv; pairwise_stats_combined.csv; carla_nis_noise_sweep_qgip100_summary.csv; carla_nis_outlier_qgip100_summary.csv,"fig_simulation_stress_atlas.{pdf,svg,tiff,png} via generate_simulation_stress_atlas_figure.py","Figure source-data traceability covers processed data, not complete raw simulator logs."
figure_to_source_fig12_validation_boundary_narrative_v4,figure-to-source-data mapping,"`fig12_validation_boundary_narrative_v4` has four publication exports, a generator, and source-data files for pre-real-robot validation boundary separating prepared local evidence from required live ROS2/HIL and physical-robot evidence.",fig12_validation_boundary_narrative_v4.pdf=15269 bytes; fig12_validation_boundary_narrative_v4.svg=8687 bytes; fig12_validation_boundary_narrative_v4.tiff=22482526 bytes; fig12_validation_boundary_narrative_v4.png=257638 bytes; fig12_validation_boundary_narrative_v4.py=5838 bytes; fig12_validation_boundary_narrative_v4_source_data.csv=4 rows; pre_real_robot_gate_audit.csv=23 rows,PASS,fig12_validation_boundary_narrative_v4_source_data.csv; pre_real_robot_gate_audit.csv,"fig12_validation_boundary_narrative_v4.{pdf,svg,tiff,png} via fig12_validation_boundary_narrative_v4.py","Figure source-data traceability covers processed data, not complete raw simulator logs."
table_to_source_simulation_tables_md,table-to-source-data mapping,`simulation_tables.md` has a generated table body and source-data files for human-readable table bundle.,simulation_tables.md=5122 bytes; main_benchmark_source.csv=5 rows; stress_summary_combined.csv=27 rows,PASS,main_benchmark_source.csv; stress_summary_combined.csv,simulation_tables.md,"Table source-data traceability checks generated artifacts, not independent statistical review."
table_to_source_table_boundary_stress_tex,table-to-source-data mapping,`table_boundary_stress.tex` has a generated table body and source-data files for boundary stress table.,table_boundary_stress.tex=916 bytes; stress_summary_combined.csv=27 rows,PASS,stress_summary_combined.csv,table_boundary_stress.tex,"Table source-data traceability checks generated artifacts, not independent statistical review."
table_to_source_table_carla_nis_noise_sweep_tex,table-to-source-data mapping,`table_carla_nis_noise_sweep.tex` has a generated table body and source-data files for NIS noise sweep table.,table_carla_nis_noise_sweep.tex=383 bytes; carla_nis_noise_sweep_qgip100_summary.csv=3 rows,PASS,carla_nis_noise_sweep_qgip100_summary.csv,table_carla_nis_noise_sweep.tex,"Table source-data traceability checks generated artifacts, not independent statistical review."
table_to_source_table_carla_nis_outlier_sweep_tex,table-to-source-data mapping,`table_carla_nis_outlier_sweep.tex` has a generated table body and source-data files for NIS outlier sweep table.,table_carla_nis_outlier_sweep.tex=437 bytes; carla_nis_outlier_qgip100_summary.csv=3 rows,PASS,carla_nis_outlier_qgip100_summary.csv,table_carla_nis_outlier_sweep.tex,"Table source-data traceability checks generated artifacts, not independent statistical review."
table_to_source_table_claim_evidence_matrix_tex,table-to-source-data mapping,`table_claim_evidence_matrix.tex` has a generated table body and source-data files for claim-to-evidence matrix.,table_claim_evidence_matrix.tex=2644 bytes; claim_evidence_matrix.csv=8 rows,PASS,claim_evidence_matrix.csv,table_claim_evidence_matrix.tex,"Table source-data traceability checks generated artifacts, not independent statistical review."
table_to_source_table_dataset_split_audit_tex,table-to-source-data mapping,`table_dataset_split_audit.tex` has a generated table body and source-data files for dataset split audit.,table_dataset_split_audit.tex=594 bytes; final_dataset_split_check.csv=3 rows; final_dataset_split_overlap.csv=3 rows,PASS,final_dataset_split_check.csv; final_dataset_split_overlap.csv,table_dataset_split_audit.tex,"Table source-data traceability checks generated artifacts, not independent statistical review."
table_to_source_table_detector_timing_tex,table-to-source-data mapping,`table_detector_timing.tex` has a generated table body and source-data files for detector and timing stress table.,table_detector_timing.tex=450 bytes; stress_summary_combined.csv=27 rows,PASS,stress_summary_combined.csv,table_detector_timing.tex,"Table source-data traceability checks generated artifacts, not independent statistical review."
table_to_source_table_extended_stress_qgip_summary_tex,table-to-source-data mapping,`table_extended_stress_qgip_summary.tex` has a generated table body and source-data files for QGIP extended stress summary.,table_extended_stress_qgip_summary.tex=810 bytes; extended_stress_qgip_summary.csv=7 rows,PASS,extended_stress_qgip_summary.csv,table_extended_stress_qgip_summary.tex,"Table source-data traceability checks generated artifacts, not independent statistical review."
table_to_source_table_main1000_nominal_tex,table-to-source-data mapping,`table_main1000_nominal.tex` has a generated table body and source-data files for nominal non-discrimination boundary.,table_main1000_nominal.tex=585 bytes; main1000_nominal_source.csv=3 rows,PASS,main1000_nominal_source.csv,table_main1000_nominal.tex,"Table source-data traceability checks generated artifacts, not independent statistical review."
table_to_source_table_main_benchmark_tex,table-to-source-data mapping,`table_main_benchmark.tex` has a generated table body and source-data files for main benchmark table.,table_main_benchmark.tex=606 bytes; main_benchmark_source.csv=5 rows,PASS,main_benchmark_source.csv,table_main_benchmark.tex,"Table source-data traceability checks generated artifacts, not independent statistical review."
table_to_source_table_primary_ambiguity_tex,table-to-source-data mapping,`table_primary_ambiguity.tex` has a generated table body and source-data files for primary ambiguity stress table.,table_primary_ambiguity.tex=760 bytes; stress_summary_combined.csv=27 rows; pairwise_stats_combined.csv=15 rows,PASS,stress_summary_combined.csv; pairwise_stats_combined.csv,table_primary_ambiguity.tex,"Table source-data traceability checks generated artifacts, not independent statistical review."
table_to_source_table_raw_sensor_like_tex,table-to-source-data mapping,`table_raw_sensor_like.tex` has a generated table body and source-data files for raw-sensor-like stress table.,table_raw_sensor_like.tex=627 bytes; stress_summary_combined.csv=27 rows,PASS,stress_summary_combined.csv,table_raw_sensor_like.tex,"Table source-data traceability checks generated artifacts, not independent statistical review."
table_to_source_table_scenario_coverage_tex,table-to-source-data mapping,`table_scenario_coverage.tex` has a generated table body and source-data files for scenario coverage table.,table_scenario_coverage.tex=783 bytes; carla_scenario_coverage_source.csv=7 rows,PASS,carla_scenario_coverage_source.csv,table_scenario_coverage.tex,"Table source-data traceability checks generated artifacts, not independent statistical review."
table_to_source_table_simulation_protocol_registry_tex,table-to-source-data mapping,`table_simulation_protocol_registry.tex` has a generated table body and source-data files for simulation protocol registry.,table_simulation_protocol_registry.tex=7556 bytes; simulation_protocol_registry.csv=21 rows,PASS,simulation_protocol_registry.csv,table_simulation_protocol_registry.tex,"Table source-data traceability checks generated artifacts, not independent statistical review."
table_to_source_table_safety_case_claim_graph_tex,table-to-source-data mapping,`table_safety_case_claim_graph.tex` has a generated table body and source-data files for bounded safety-case claim graph.,table_safety_case_claim_graph.tex=3702 bytes; safety_case_claim_graph.csv=12 rows,PASS,safety_case_claim_graph.csv,table_safety_case_claim_graph.tex,"Table source-data traceability checks generated artifacts, not independent statistical review."
table_to_source_table_pre_real_robot_gate_audit_tex,table-to-source-data mapping,`table_pre_real_robot_gate_audit.tex` has a generated table body and source-data files for pre-real-robot go/no-go gate audit.,table_pre_real_robot_gate_audit.tex=1464 bytes; pre_real_robot_gate_audit.csv=23 rows,PASS,pre_real_robot_gate_audit.csv,table_pre_real_robot_gate_audit.tex,"Table source-data traceability checks generated artifacts, not independent statistical review."
claim_evidence_matrix_rows,claim and QA traceability,`claim_evidence_matrix.csv` supplies the expected 8 rows for claim-to-evidence matrix.,claim_evidence_matrix.csv=8 rows,PASS,08_paper_ready_outputs/source_data/claim_evidence_matrix.csv,claim-to-evidence matrix,Traceability prevents package drift; it is not a substitute for raw data release or expert review.
statistical_claim_audit_all_pass,claim and QA traceability,`statistical_claim_audit.csv` supplies the expected 36 rows for statistical claim audit.,statistical_claim_audit.csv=36 rows; statuses=PASS,PASS,08_paper_ready_outputs/source_data/statistical_claim_audit.csv,statistical claim audit,Traceability prevents package drift; it is not a substitute for raw data release or expert review.
manuscript_argument_audit_all_pass,claim and QA traceability,`manuscript_argument_traceability.csv` supplies the expected 22 rows for manuscript argument audit.,manuscript_argument_traceability.csv=22 rows; statuses=PASS,PASS,08_paper_ready_outputs/source_data/manuscript_argument_traceability.csv,manuscript argument audit,Traceability prevents package drift; it is not a substitute for raw data release or expert review.
safety_case_claim_graph_all_pass,claim and QA traceability,`safety_case_claim_graph.csv` supplies the expected 12 rows for bounded safety-case claim graph.,safety_case_claim_graph.csv=12 rows; statuses=PASS,PASS,08_paper_ready_outputs/source_data/safety_case_claim_graph.csv,bounded safety-case claim graph,Traceability prevents package drift; it is not a substitute for raw data release or expert review.
ros2_static_interface_audit_all_pass,claim and QA traceability,`ros2_static_interface_audit.csv` supplies the expected 19 rows for ROS2 static interface audit.,ros2_static_interface_audit.csv=19 rows; statuses=PASS,PASS,08_paper_ready_outputs/source_data/ros2_static_interface_audit.csv,ROS2 static interface audit,Traceability prevents package drift; it is not a substitute for raw data release or expert review.
real_robot_preflight_validation_all_pass,claim and QA traceability,`real_robot_preflight_validation.csv` supplies the expected 41 rows for offline real-robot preflight validation.,real_robot_preflight_validation.csv=41 rows; statuses=PASS,PASS,08_paper_ready_outputs/source_data/real_robot_preflight_validation.csv,offline real-robot preflight validation,Traceability prevents package drift; it is not a substitute for raw data release or expert review.
real_robot_offline_dryrun_summary_all_pass,claim and QA traceability,`real_robot_offline_dryrun_summary.csv` supplies the expected 12 rows for offline real-robot behavior dry run.,real_robot_offline_dryrun_summary.csv=12 rows; statuses=PASS,PASS,08_paper_ready_outputs/source_data/real_robot_offline_dryrun_summary.csv,offline real-robot behavior dry run,Traceability prevents package drift; it is not a substitute for raw data release or expert review.
real_robot_software_smoke_test_all_pass,claim and QA traceability,`real_robot_software_smoke_test.csv` supplies the expected 17 rows for executable real-robot software smoke test.,real_robot_software_smoke_test.csv=17 rows; statuses=PASS,PASS,08_paper_ready_outputs/source_data/real_robot_software_smoke_test.csv,executable real-robot software smoke test,Traceability prevents package drift; it is not a substitute for raw data release or expert review.
ros2_workspace_ci_audit_all_pass,claim and QA traceability,`ros2_workspace_ci_audit.csv` supplies the expected 11 rows for ROS2 workspace CI readiness audit.,ros2_workspace_ci_audit.csv=11 rows; statuses=PASS,PASS,08_paper_ready_outputs/source_data/ros2_workspace_ci_audit.csv,ROS2 workspace CI readiness audit,Traceability prevents package drift; it is not a substitute for raw data release or expert review.
ros2_runtime_telemetry_audit_all_pass,claim and QA traceability,`ros2_runtime_telemetry_audit.csv` supplies the expected 15 rows for ROS2 runtime telemetry readiness audit.,ros2_runtime_telemetry_audit.csv=15 rows; statuses=PASS,PASS,08_paper_ready_outputs/source_data/ros2_runtime_telemetry_audit.csv,ROS2 runtime telemetry readiness audit,Traceability prevents package drift; it is not a substitute for raw data release or expert review.
ros2_runtime_telemetry_dryrun_summary_all_pass,claim and QA traceability,`ros2_runtime_telemetry_dryrun_summary.csv` supplies the expected 16 rows for ROS2 runtime telemetry parser dry-run summary.,ros2_runtime_telemetry_dryrun_summary.csv=16 rows; statuses=PASS,PASS,08_paper_ready_outputs/source_data/ros2_runtime_telemetry_dryrun_summary.csv,ROS2 runtime telemetry parser dry-run summary,Traceability prevents package drift; it is not a substitute for raw data release or expert review.
ros2_hil_replay_manifest_audit_all_pass,claim and QA traceability,`ros2_hil_replay_manifest_audit.csv` supplies the expected 17 rows for ROS2/HIL replay manifest audit.,ros2_hil_replay_manifest_audit.csv=17 rows; statuses=PASS,PASS,08_paper_ready_outputs/source_data/ros2_hil_replay_manifest_audit.csv,ROS2/HIL replay manifest audit,Traceability prevents package drift; it is not a substitute for raw data release or expert review.
pre_real_robot_gate_audit_all_pass,claim and QA traceability,`pre_real_robot_gate_audit.csv` supplies the expected 23 rows for pre-real-robot go/no-go gate audit.,pre_real_robot_gate_audit.csv=23 rows; statuses=PASS,PASS,08_paper_ready_outputs/source_data/pre_real_robot_gate_audit.csv,pre-real-robot go/no-go gate audit,Traceability prevents package drift; it is not a substitute for raw data release or expert review.
publication_figure_qa_all_pass,claim and QA traceability,`publication_figure_qa.csv` supplies the expected 92 rows for publication figure QA.,"publication_figure_qa.csv=119 rows; statuses=FAIL,PASS",FAIL,08_paper_ready_outputs/source_data/publication_figure_qa.csv,publication figure QA,Traceability prevents package drift; it is not a substitute for raw data release or expert review.
figure_accessibility_metrics_rows,claim and QA traceability,`figure_accessibility_metrics.csv` supplies the expected 30 rows for figure accessibility QA.,figure_accessibility_metrics.csv=39 rows,FAIL,08_paper_ready_outputs/source_data/figure_accessibility_metrics.csv,figure accessibility QA,Traceability prevents package drift; it is not a substitute for raw data release or expert review.
real_robot_topic_contract_rows,real-robot preflight provenance,`ros2_topic_contract.csv` is present for ROS2 topic contract.,ros2_topic_contract.csv=13 rows,PASS,03_real_robot/ros2_topic_contract.csv,ROS2 topic contract,Preflight provenance does not contain completed physical robot trial data.
real_robot_metric_schema_rows,real-robot preflight provenance,`real_robot_metric_schema.csv` is present for real-robot metric schema.,real_robot_metric_schema.csv=29 rows,PASS,03_real_robot/real_robot_metric_schema.csv,real-robot metric schema,Preflight provenance does not contain completed physical robot trial data.
real_robot_manifest_template_present,real-robot preflight provenance,`real_robot_run_manifest_template.yaml` is present for future run manifest template.,real_robot_run_manifest_template.yaml=1712 bytes,PASS,03_real_robot/real_robot_run_manifest_template.yaml,future run manifest template,Preflight provenance does not contain completed physical robot trial data.
fair_readme_required_sections,FAIR metadata,"Source-data README contains FAIR sections, file inventory, provenance, DOI boundary, and the provenance-audit output.",missing=none,PASS,08_paper_ready_outputs/source_data/README_fair_metadata.md,source-data dictionary and FAIR checklist,FAIR metadata is local until a DOI-backed repository record is created.
deposit_manifest_row_floor,repository deposit provenance,Deposit manifest contains the stable package files and any newer provenance artifacts.,manifest_rows=259,PASS,06_submission_package/repository_deposit_manifest_20260603.csv,repository deposit manifest,Local manifest does not replace DOI-backed repository publication.
deposit_checksum_alignment,repository deposit provenance,Checksum file has one non-empty line per deposit manifest row.,manifest_rows=259; checksum_lines=259,PASS,06_submission_package/repository_deposit_checksums_sha256_20260603.txt,repository deposit checksum file,Checksum alignment is local and does not mint or reserve a DOI.
deposit_boundary_terms,repository deposit provenance,"Deposit metadata exposes DOI, licence, public-record, and physical-data boundaries.",missing=none,PASS,06_submission_package/datacite_metadata_draft_20260603.yaml; repository_readme_draft_20260603.md; repository_deposit_readiness_report_20260603.md,repository deposit metadata drafts,Repository deposit metadata remains a draft until a public DOI/accession is minted.
reproducibility_command_manifest_rows,reproducibility provenance,"Command manifest includes the current regeneration, audit, deposit, and verification commands.",command_rows=30,PASS,06_submission_package/reproducibility_command_manifest_20260604.csv,reproducibility command manifest,Command manifest is a local replay guide; it does not rerun CARLA or physical robots.
reproducibility_capsule_boundaries,reproducibility provenance,"Reproducibility capsule states raw-CARLA, ROS2, and DOI boundaries.",missing=none,PASS,06_submission_package/reproducibility_capsule_20260604.md,reproducibility capsule,Capsule boundaries prevent using local audit artifacts as physical validation.
extended_package_manifest_mentions_provenance,package manifest provenance,Extended package manifest lists the source-data provenance audit artifacts.,missing=fig13_offline_dryrun_contract_timeline_v2_source_data.csv; fig13_offline_dryrun_contract_timeline_v2,FAIL,06_submission_package/extended_package_manifest_20260603.md,extended package manifest,"Package manifest listing is an inventory control, not a scientific result."
