claim_id,claim,expected,actual,status,source,boundary
split_train_count,Dataset split `train` has expected path count.,4050,4050,PASS,final_dataset_split_check.csv,"Supports split traceability, not unrestricted real-world generalization."
split_train_missing,Dataset split `train` has zero missing files.,0,0,PASS,final_dataset_split_check.csv,File existence audit only; it does not inspect simulator realism.
split_val_count,Dataset split `val` has expected path count.,450,450,PASS,final_dataset_split_check.csv,"Supports split traceability, not unrestricted real-world generalization."
split_val_missing,Dataset split `val` has zero missing files.,0,0,PASS,final_dataset_split_check.csv,File existence audit only; it does not inspect simulator realism.
split_test_unseen_count,Dataset split `test_unseen` has expected path count.,500,500,PASS,final_dataset_split_check.csv,"Supports split traceability, not unrestricted real-world generalization."
split_test_unseen_missing,Dataset split `test_unseen` has zero missing files.,0,0,PASS,final_dataset_split_check.csv,File existence audit only; it does not inspect simulator realism.
split_overlap_train_vs_val,Split pair `train vs val` has zero path overlap.,0,0,PASS,final_dataset_split_overlap.csv,Guards against path overlap; map-level generalization remains bounded by the text.
split_overlap_train_vs_test_unseen,Split pair `train vs test_unseen` has zero path overlap.,0,0,PASS,final_dataset_split_overlap.csv,Guards against path overlap; map-level generalization remains bounded by the text.
split_overlap_val_vs_test_unseen,Split pair `val vs test_unseen` has zero path overlap.,0,0,PASS,final_dataset_split_overlap.csv,Guards against path overlap; map-level generalization remains bounded by the text.
fp10_leaderacc_qgip,`fp_10` LeaderAcc for qgip.,0.8624,0.8624,PASS,stress_summary_combined.csv,Primary target-consistency evidence under adjacent-lane false positives.
fp10_leaderacc_qgip_no_query,`fp_10` LeaderAcc for qgip_no_query.,0.5317,0.5317,PASS,stress_summary_combined.csv,Primary target-consistency evidence under adjacent-lane false positives.
fp10_leaderacc_rule,`fp_10` LeaderAcc for rule.,0.4379,0.4379,PASS,stress_summary_combined.csv,Primary target-consistency evidence under adjacent-lane false positives.
fp10_leaderacc_gain_vs_no_query,`fp_10` paired LeaderAcc gain versus no_query.,"0.3308 [0.3037, 0.3585]","0.3308 [0.3037, 0.3585]",PASS,pairwise_stats_combined.csv,Paired bootstrap interval for target-consistency gain; route completion remains equal.
fp10_leaderacc_gain_vs_rule,`fp_10` paired LeaderAcc gain versus rule.,"0.4245 [0.3782, 0.4709]","0.4245 [0.3782, 0.4709]",PASS,pairwise_stats_combined.csv,Paired bootstrap interval for target-consistency gain; route completion remains equal.
idswitch_leaderacc_qgip,`idswitch` LeaderAcc for qgip.,0.9068,0.9068,PASS,stress_summary_combined.csv,Primary target-consistency evidence under identity perturbation.
idswitch_leaderacc_std_kf,`idswitch` LeaderAcc for std_kf.,0.5604,0.5604,PASS,stress_summary_combined.csv,Primary target-consistency evidence under identity perturbation.
idswitch_leaderacc_rule,`idswitch` LeaderAcc for rule.,0.4765,0.4765,PASS,stress_summary_combined.csv,Primary target-consistency evidence under identity perturbation.
idswitch_count_qgip,`idswitch` mean ID switches for qgip.,39.1967,39.1967,PASS,stress_summary_combined.csv,ID-switch count supports target-consistency interpretation; not a standalone safety proof.
idswitch_count_std_kf,`idswitch` mean ID switches for std_kf.,180.6067,180.6067,PASS,stress_summary_combined.csv,ID-switch count supports target-consistency interpretation; not a standalone safety proof.
idswitch_count_rule,`idswitch` mean ID switches for rule.,155.1667,155.1667,PASS,stress_summary_combined.csv,ID-switch count supports target-consistency interpretation; not a standalone safety proof.
idswitch_leaderacc_gain_vs_std_kf,`idswitch` paired LeaderAcc gain versus Std-KF.,"0.3463 [0.3144, 0.3784]","0.3463 [0.3144, 0.3784]",PASS,pairwise_stats_combined.csv,Paired bootstrap interval for target-consistency gain.
boundary_fp20_idswitch20_leaderacc_mean,combined boundary LeaderAcc,0.8002,0.8002,PASS,stress_summary_combined.csv,Boundary stress is supplemental and not the primary statistical test.
boundary_fp20_idswitch20_success_rate,combined boundary success rate,0.7700,0.7700,PASS,stress_summary_combined.csv,Boundary stress is supplemental and not the primary statistical test.
boundary_fp20_idswitch20_collision_rate,combined boundary collision rate,0.0000,0.0000,PASS,stress_summary_combined.csv,Boundary stress is supplemental and not the primary statistical test.
qgip_stress_zero_observed_collision_nearmiss,All QGIP rows in the completed stress summary have zero observed collisions and near-misses.,nonzero collision rows=0; nonzero near-miss rows=0,nonzero collision rows=0; nonzero near-miss rows=0; qgip rows=10,PASS,stress_summary_combined.csv,Finite-sample observation only; does not imply zero real-world risk.
main1000_qgip_outcome,N=1000 nominal main-default outcome for qgip.,735/1000 success; 0/1000 collision; 0/1000 near_miss,735/1000 success; 0/1000 collision; 0/1000 near_miss,PASS,main1000_nominal_source.csv,Low-ambiguity stability check; not method-discrimination evidence.
main1000_std_kf_outcome,N=1000 nominal main-default outcome for std_kf.,735/1000 success; 0/1000 collision; 0/1000 near_miss,735/1000 success; 0/1000 collision; 0/1000 near_miss,PASS,main1000_nominal_source.csv,Low-ambiguity stability check; not method-discrimination evidence.
main1000_rule_outcome,N=1000 nominal main-default outcome for rule.,735/1000 success; 0/1000 collision; 0/1000 near_miss,735/1000 success; 0/1000 collision; 0/1000 near_miss,PASS,main1000_nominal_source.csv,Low-ambiguity stability check; not method-discrimination evidence.
nis_noise_noise_02,NIS noise diagnostic values for noise_02.,mean=0.4045; p95=1.4323; soft=0.00; hard=0.00,mean=0.4045; p95=1.4323; soft=0.00; hard=0.00,PASS,carla_nis_noise_sweep_qgip100_summary.csv,Diagnostic sensitivity evidence; not a final covariance calibration proof.
nis_noise_noise_05,NIS noise diagnostic values for noise_05.,mean=1.3452; p95=3.7574; soft=0.00; hard=0.00,mean=1.3452; p95=3.7574; soft=0.00; hard=0.00,PASS,carla_nis_noise_sweep_qgip100_summary.csv,Diagnostic sensitivity evidence; not a final covariance calibration proof.
nis_noise_noise_10,NIS noise diagnostic values for noise_10.,mean=4.4127; p95=13.1183; soft=33.93; hard=2.91,mean=4.4127; p95=13.1183; soft=33.93; hard=2.91,PASS,carla_nis_noise_sweep_qgip100_summary.csv,Diagnostic sensitivity evidence; not a final covariance calibration proof.
nis_noise_monotonicity,NIS mean and episode p95 increase monotonically across 0.2/0.5/1.0 m noise.,strictly increasing,strictly increasing,PASS,carla_nis_noise_sweep_qgip100_summary.csv,Monotonic response check only.
nis_outlier_fp_10,NIS outlier diagnostic values for fp_10.,mean=256.7829; p95=1621.7783; hard_resets=80.42,mean=256.7829; p95=1621.7783; hard_resets=80.42,PASS,carla_nis_outlier_qgip100_summary.csv,Outlier-response evidence; not real-sensor calibration.
nis_outlier_idswitch_20,NIS outlier diagnostic values for idswitch_20.,mean=155.3784; p95=971.7909; hard_resets=25.93,mean=155.3784; p95=971.7909; hard_resets=25.93,PASS,carla_nis_outlier_qgip100_summary.csv,Outlier-response evidence; not real-sensor calibration.
nis_outlier_fp10_idswitch20_noise05,NIS outlier diagnostic values for fp10_idswitch20_noise05.,mean=240.6521; p95=1506.2723; hard_resets=72.23,mean=240.6521; p95=1506.2723; hard_resets=72.23,PASS,carla_nis_outlier_qgip100_summary.csv,Outlier-response evidence; not real-sensor calibration.
repository_deposit_manifest_rows,Repository deposit manifest covers the current stable deposit files.,at least 131 rows; 134 rows after statistical-audit artifacts are included,157 rows,PASS,repository_deposit_manifest_20260603.csv,Local DOI-ready manifest only; no public DOI has been minted.
