condition_id,method,layer,scenario,n,success_count,success_rate,success_ci95_low,success_ci95_high,collision_count,collision_rate,collision_ci95_low,collision_ci95_high,zero_collision_rule3_upper,lost_count,lost_rate,lost_ci95_low,lost_ci95_high,setup_fail_count,setup_fail_rate,setup_fail_ci95_low,setup_fail_ci95_high,valid_degradation_count,valid_degradation_rate,valid_degradation_ci95_low,valid_degradation_ci95_high,near_miss_count,near_miss_rate,near_miss_ci95_low,near_miss_ci95_high,jerk_mean,jerk_p95,jerkp95_mean,jerkp95_p95,mindistance_mean,mindistance_p95,minttc_mean,minttc_p95,minheadway_mean,minheadway_p95,recoverytime_mean,recoverytime_p95,leaderacc_mean,leaderacc_p95,leaderframes_mean,leaderframes_p95,wrongleaderframes_mean,wrongleaderframes_p95,idswitches_mean,idswitches_p95,suite
fp_10,qgip,detector,adjacent_lane_distractor,300,219,0.73,0.6770882626256942,0.7770959706110145,0,0.0,0.0,0.012642971224546036,0.01,81,0.27,0.22290402938898543,0.32291173737430573,0,0.0,0.0,0.012642971224546036,0,0.0,0.0,0.012642971224546036,0,0.0,0.0,0.012642971224546036,0.07282916239259792,0.21135979538852984,0.03513175443930995,0.1480943837633756,14.989967896143595,15.02349033355713,,,,,,,0.8624215918785185,0.998,472.54,500.0,66.59666666666666,256.30000000000007,62.54666666666667,188.4000000000001,ambiguity300
fp_10,qgip_no_query,detector,adjacent_lane_distractor,300,219,0.73,0.6770882626256942,0.7770959706110145,0,0.0,0.0,0.012642971224546036,0.01,81,0.27,0.22290402938898543,0.32291173737430573,0,0.0,0.0,0.012642971224546036,0,0.0,0.0,0.012642971224546036,0,0.0,0.0,0.012642971224546036,0.07283565499388861,0.21135558412256564,0.03511000739424785,0.1485728966126107,14.989967924753826,15.02349033355713,,,,,,,0.5316686851212985,0.8583000000000001,472.54,500.0,221.34,436.0,151.12666666666667,273.05,ambiguity300
fp_10,rule,detector,adjacent_lane_distractor,300,219,0.73,0.6770882626256942,0.7770959706110145,0,0.0,0.0,0.012642971224546036,0.01,81,0.27,0.22290402938898543,0.32291173737430573,0,0.0,0.0,0.012642971224546036,0,0.0,0.0,0.012642971224546036,0,0.0,0.0,0.012642971224546036,0.07283015405411505,0.21135931351179948,0.03508503638701852,0.1480943837633756,14.98996791521708,15.02349033355713,,,,,,,0.4378830958284645,0.9134308834940694,472.54,500.0,269.74,491.0,57.05,88.0,ambiguity300
idswitch,qgip,detector,cut_in_cut_out,300,219,0.73,0.6770882626256942,0.7770959706110145,0,0.0,0.0,0.012642971224546036,0.01,81,0.27,0.22290402938898543,0.32291173737430573,0,0.0,0.0,0.012642971224546036,0,0.0,0.0,0.012642971224546036,0,0.0,0.0,0.012642971224546036,0.07281752447976135,0.21135558412256564,0.03510326114955474,0.14855161757250088,14.989967931111654,15.02349033355713,,,,,,,0.9067758293373527,1.0,472.54,500.0,46.24,244.4000000000001,39.196666666666665,183.25000000000006,ambiguity300
idswitch,rule,detector,cut_in_cut_out,300,219,0.73,0.6770882626256942,0.7770959706110145,0,0.0,0.0,0.012642971224546036,0.01,81,0.27,0.22290402938898543,0.32291173737430573,0,0.0,0.0,0.012642971224546036,0,0.0,0.0,0.012642971224546036,0,0.0,0.0,0.012642971224546036,0.07283313240731194,0.21135541993084264,0.035109674958168934,0.14855161757620983,14.989967927932739,15.02349033355713,,,,,,,0.47650613318445223,1.0,472.54,500.0,251.99333333333334,491.0,155.16666666666666,165.0,ambiguity300
idswitch,std_kf,detector,cut_in_cut_out,300,219,0.73,0.6770882626256942,0.7770959706110145,0,0.0,0.0,0.012642971224546036,0.01,81,0.27,0.22290402938898543,0.32291173737430573,0,0.0,0.0,0.012642971224546036,0,0.0,0.0,0.012642971224546036,0,0.0,0.0,0.012642971224546036,0.07282151609490506,0.21135276639484774,0.035087908289521325,0.14809365397091154,14.989967918395996,15.02349033355713,,,,,,,0.5604415650178647,0.95,472.54,500.0,207.95333333333335,439.05,180.60666666666665,253.0,ambiguity300
raw_glare,detector_tracker,raw_sensor,curve_following,100,76,0.76,0.6676766365018553,0.8330867444305122,0,0.0,3.469446951953614e-18,0.03699349820698568,0.03,24,0.24,0.16691325556948772,0.33232336349814473,0,0.0,3.469446951953614e-18,0.03699349820698568,0,0.0,3.469446951953614e-18,0.03699349820698568,0,0.0,3.469446951953614e-18,0.03699349820698568,0.13387488908600093,0.28161823972963523,0.5918050556969214,1.0120087140919083,14.97759840965271,15.013356971740723,,,,,0.0,0.0,1.0,1.0,281.18,298.0,0.0,0.0,0.0,0.0,raw_sensor_like
raw_glare,qgip,raw_sensor,curve_following,100,76,0.76,0.6676766365018553,0.8330867444305122,0,0.0,3.469446951953614e-18,0.03699349820698568,0.03,24,0.24,0.16691325556948772,0.33232336349814473,0,0.0,3.469446951953614e-18,0.03699349820698568,0,0.0,3.469446951953614e-18,0.03699349820698568,0,0.0,3.469446951953614e-18,0.03699349820698568,0.13395071565366154,0.29005586256128385,0.5880630643735087,1.01956475271043,14.977598457336425,15.013356971740723,,,,,0.0,0.0,1.0,1.0,281.18,298.0,0.0,0.0,0.0,0.0,raw_sensor_like
raw_lidar_dropout,detector_tracker,raw_sensor,following,100,76,0.76,0.6676766365018553,0.8330867444305122,0,0.0,3.469446951953614e-18,0.03699349820698568,0.03,24,0.24,0.16691325556948772,0.33232336349814473,0,0.0,3.469446951953614e-18,0.03699349820698568,0,0.0,3.469446951953614e-18,0.03699349820698568,0,0.0,3.469446951953614e-18,0.03699349820698568,0.10560181789718813,0.26259426334940233,0.23712109612665536,0.861660527367192,14.97759843826294,15.013356971740723,,,,,0.0,0.0,1.0,1.0,316.16,336.0,0.0,0.0,0.0,0.0,raw_sensor_like
raw_lidar_dropout,qgip,raw_sensor,following,100,76,0.76,0.6676766365018553,0.8330867444305122,0,0.0,3.469446951953614e-18,0.03699349820698568,0.03,24,0.24,0.16691325556948772,0.33232336349814473,0,0.0,3.469446951953614e-18,0.03699349820698568,0,0.0,3.469446951953614e-18,0.03699349820698568,0,0.0,3.469446951953614e-18,0.03699349820698568,0.10622646323069264,0.26260415156235634,0.2407446607054776,0.8870036655591088,14.97759840965271,15.013356971740723,,,,,0.0,0.0,1.0,1.0,316.16,336.0,0.0,0.0,0.0,0.0,raw_sensor_like
delay_200,imm_kf,timing,lead_braking,300,218,0.7266666666666667,0.6736074258805683,0.7739944271643041,0,0.0,0.0,0.012642971224546036,0.01,82,0.2733333333333333,0.22600557283569578,0.3263925741194317,0,0.0,0.0,0.012642971224546036,0,0.0,0.0,0.012642971224546036,0,0.0,0.0,0.012642971224546036,0.07124244523776109,0.21120473668668427,0.036062236907244964,0.3100722888105205,14.976160163879394,15.02349033355713,,,,,,,1.0,1.0,467.22333333333336,496.0,0.0,0.0,0.0,0.0,detector_timing300
delay_200,qgip,timing,lead_braking,300,218,0.7266666666666667,0.6736074258805683,0.7739944271643041,0,0.0,0.0,0.012642971224546036,0.01,82,0.2733333333333333,0.22600557283569578,0.3263925741194317,0,0.0,0.0,0.012642971224546036,0,0.0,0.0,0.012642971224546036,0,0.0,0.0,0.012642971224546036,0.07124026360237617,0.21120509006843202,0.03606013405893769,0.3100723184716054,14.976160163879394,15.02349033355713,,,,,,,1.0,1.0,467.22333333333336,496.0,0.0,0.0,0.0,0.0,detector_timing300
delay_200,std_kf,timing,lead_braking,300,218,0.7266666666666667,0.6736074258805683,0.7739944271643041,0,0.0,0.0,0.012642971224546036,0.01,82,0.2733333333333333,0.22600557283569578,0.3263925741194317,0,0.0,0.0,0.012642971224546036,0,0.0,0.0,0.012642971224546036,0,0.0,0.0,0.012642971224546036,0.07123654924023021,0.21120468718785013,0.03606173524639363,0.3100722888105205,14.976160163879394,15.02349033355713,,,,,,,1.0,1.0,467.22333333333336,496.0,0.0,0.0,0.0,0.0,detector_timing300
fn_50,imm_kf,detector,lead_braking,300,218,0.7266666666666667,0.6736074258805683,0.7739944271643041,0,0.0,0.0,0.012642971224546036,0.01,82,0.2733333333333333,0.22600557283569578,0.3263925741194317,0,0.0,0.0,0.012642971224546036,0,0.0,0.0,0.012642971224546036,0,0.0,0.0,0.012642971224546036,0.19141232425004925,0.3176422439336762,1.0392293521732212,1.0403792998456944,14.976159842809041,15.02349033355713,,,,,,,1.0,1.0,250.21333333333334,265.0,0.0,0.0,0.0,0.0,detector_timing300
fn_50,qgip,detector,lead_braking,300,218,0.7266666666666667,0.6736074258805683,0.7739944271643041,0,0.0,0.0,0.012642971224546036,0.01,82,0.2733333333333333,0.22600557283569578,0.3263925741194317,0,0.0,0.0,0.012642971224546036,0,0.0,0.0,0.012642971224546036,0,0.0,0.0,0.012642971224546036,0.19237634387951505,0.3201475168742697,1.0377567955196079,1.0494783335698974,14.976159807840983,15.02349033355713,,,,,,,1.0,1.0,250.21333333333334,265.0,0.0,0.0,0.0,0.0,detector_timing300
fn_50,std_kf,detector,lead_braking,300,218,0.7266666666666667,0.6736074258805683,0.7739944271643041,0,0.0,0.0,0.012642971224546036,0.01,82,0.2733333333333333,0.22600557283569578,0.3263925741194317,0,0.0,0.0,0.012642971224546036,0,0.0,0.0,0.012642971224546036,0,0.0,0.0,0.012642971224546036,0.19218360673117016,0.3176053838463754,1.0422418641350006,1.0403763547414246,14.976159839630126,15.02349033355713,,,,,,,1.0,1.0,250.21333333333334,265.0,0.0,0.0,0.0,0.0,detector_timing300
fp20_idswitch20,qgip,detector,adjacent_lane_distractor,100,77,0.77,0.6784561697712622,0.8415673411969654,0,0.0,3.469446951953614e-18,0.03699349820698568,0.03,23,0.23,0.15843265880303448,0.3215438302287378,0,0.0,3.469446951953614e-18,0.03699349820698568,0,0.0,3.469446951953614e-18,0.03699349820698568,0,0.0,3.469446951953614e-18,0.03699349820698568,0.08410053928675518,0.24415773850924125,0.05241882849519335,0.38621206704336625,14.983389434814454,15.013356971740723,,,,,,,0.8002220690924579,0.996,473.47,500.0,96.37,249.45,126.54,255.2,boundary100
fp20_idswitch20,qgip_no_query,detector,adjacent_lane_distractor,100,77,0.77,0.6784561697712622,0.8415673411969654,0,0.0,3.469446951953614e-18,0.03699349820698568,0.03,23,0.23,0.15843265880303448,0.3215438302287378,0,0.0,3.469446951953614e-18,0.03699349820698568,0,0.0,3.469446951953614e-18,0.03699349820698568,0,0.0,3.469446951953614e-18,0.03699349820698568,0.0841130368725169,0.24411498833345585,0.05244985741432117,0.385818201938785,14.983389406204223,15.013356971740723,,,,,,,0.4784864513675539,0.7744999999999999,473.47,500.0,245.45,438.1,260.07,333.05,boundary100
fp20_idswitch20,rule,detector,adjacent_lane_distractor,100,77,0.77,0.6784561697712622,0.8415673411969654,0,0.0,3.469446951953614e-18,0.03699349820698568,0.03,23,0.23,0.15843265880303448,0.3215438302287378,0,0.0,3.469446951953614e-18,0.03699349820698568,0,0.0,3.469446951953614e-18,0.03699349820698568,0,0.0,3.469446951953614e-18,0.03699349820698568,0.08410831058651867,0.24403914835044477,0.05238162779312607,0.3860791017161204,14.983389387130737,15.013356971740723,,,,,,,0.36167032467792065,0.8335144927536232,473.47,500.0,306.72,491.0,237.36,287.0,boundary100
fp_20,qgip,detector,adjacent_lane_distractor,100,77,0.77,0.6784561697712622,0.8415673411969654,0,0.0,3.469446951953614e-18,0.03699349820698568,0.03,23,0.23,0.15843265880303448,0.3215438302287378,0,0.0,3.469446951953614e-18,0.03699349820698568,0,0.0,3.469446951953614e-18,0.03699349820698568,0,0.0,3.469446951953614e-18,0.03699349820698568,0.08407883235096296,0.24410770269404583,0.052506613337924946,0.38599775623519267,14.983389463424682,15.013356971740723,,,,,,,0.8042903055236107,0.9901,473.47,500.0,94.12,251.34999999999997,111.67,201.84999999999997,boundary100
fp_20,qgip_no_query,detector,adjacent_lane_distractor,100,77,0.77,0.6784561697712622,0.8415673411969654,0,0.0,3.469446951953614e-18,0.03699349820698568,0.03,23,0.23,0.15843265880303448,0.3215438302287378,0,0.0,3.469446951953614e-18,0.03699349820698568,0,0.0,3.469446951953614e-18,0.03699349820698568,0,0.0,3.469446951953614e-18,0.03699349820698568,0.08408914222668866,0.24410905474268682,0.052464694574987314,0.38622078265907905,14.983389463424682,15.013356971740723,,,,,,,0.4836783062682324,0.7906287553648068,473.47,500.0,242.77,440.2,189.65,312.25,boundary100
fp_20,rule,detector,adjacent_lane_distractor,100,77,0.77,0.6784561697712622,0.8415673411969654,0,0.0,3.469446951953614e-18,0.03699349820698568,0.03,23,0.23,0.15843265880303448,0.3215438302287378,0,0.0,3.469446951953614e-18,0.03699349820698568,0,0.0,3.469446951953614e-18,0.03699349820698568,0,0.0,3.469446951953614e-18,0.03699349820698568,0.08407146989377492,0.24403554022709734,0.05242406411840084,0.38599775623519267,14.983389463424682,15.013356971740723,,,,,,,0.3682073295511065,0.8280432989690721,473.47,500.0,303.41,491.0,105.36,163.0,boundary100
idswitch_40,qgip,detector,cut_in_cut_out,100,77,0.77,0.6784561697712622,0.8415673411969654,0,0.0,3.469446951953614e-18,0.03699349820698568,0.03,23,0.23,0.15843265880303448,0.3215438302287378,0,0.0,3.469446951953614e-18,0.03699349820698568,0,0.0,3.469446951953614e-18,0.03699349820698568,0,0.0,3.469446951953614e-18,0.03699349820698568,0.08410018536697507,0.24403914835044477,0.05239185293560816,0.3860791017161204,14.983389406204223,15.013356971740723,,,,,,,0.9097206960364327,1.0,473.47,500.0,44.84,239.25,46.28,211.1,boundary100
idswitch_40,rule,detector,cut_in_cut_out,100,77,0.77,0.6784561697712622,0.8415673411969654,0,0.0,3.469446951953614e-18,0.03699349820698568,0.03,23,0.23,0.15843265880303448,0.3215438302287378,0,0.0,3.469446951953614e-18,0.03699349820698568,0,0.0,3.469446951953614e-18,0.03699349820698568,0,0.0,3.469446951953614e-18,0.03699349820698568,0.08410454608394863,0.24410770269404583,0.052375108049492226,0.38599775623519267,14.983389434814454,15.013356971740723,,,,,,,0.4390339694778737,1.0,473.47,500.0,270.57,491.0,225.76,241.0,boundary100
idswitch_40,std_kf,detector,cut_in_cut_out,100,77,0.77,0.6784561697712622,0.8415673411969654,0,0.0,3.469446951953614e-18,0.03699349820698568,0.03,23,0.23,0.15843265880303448,0.3215438302287378,0,0.0,3.469446951953614e-18,0.03699349820698568,0,0.0,3.469446951953614e-18,0.03699349820698568,0,0.0,3.469446951953614e-18,0.03699349820698568,0.08408570876001087,0.24411098145363422,0.05246168432816185,0.38585607529223404,14.983389387130737,15.013356971740723,,,,,,,0.5442825810902759,0.9508196721311475,473.47,500.0,212.95,444.05,228.27,255.0,boundary100
raw_lidar_dropout,detector_tracker,raw_sensor,following,100,76,0.76,0.6676766365018553,0.8330867444305122,0,0.0,3.469446951953614e-18,0.03699349820698568,0.03,24,0.24,0.16691325556948772,0.33232336349814473,0,0.0,3.469446951953614e-18,0.03699349820698568,0,0.0,3.469446951953614e-18,0.03699349820698568,0,0.0,3.469446951953614e-18,0.03699349820698568,0.10560181789718813,0.26259426334940233,0.23712109612665536,0.861660527367192,14.97759843826294,15.013356971740723,,,,,0.0,0.0,1.0,1.0,316.16,336.0,0.0,0.0,0.0,0.0,boundary100
raw_lidar_dropout,qgip,raw_sensor,following,100,76,0.76,0.6676766365018553,0.8330867444305122,0,0.0,3.469446951953614e-18,0.03699349820698568,0.03,24,0.24,0.16691325556948772,0.33232336349814473,0,0.0,3.469446951953614e-18,0.03699349820698568,0,0.0,3.469446951953614e-18,0.03699349820698568,0,0.0,3.469446951953614e-18,0.03699349820698568,0.10622646323069264,0.26260415156235634,0.2407446607054776,0.8870036655591088,14.97759840965271,15.013356971740723,,,,,0.0,0.0,1.0,1.0,316.16,336.0,0.0,0.0,0.0,0.0,boundary100
