run_id,method,episodes,success,collision,lost,leader_acc,wrong_leader_frame_rate,wrong_leader_frames_total,id_switches_total,id_switches_per_episode,nis_weighted_mean,nis_soft_violations_total,nis_hard_violations_total,kf_hard_resets_total,kf_hard_rejects_total,status
full_stack_lane_gate,qgip,300,221,0,79,nan,0.199940468597185,23510.0,28883.0,96.27666666666667,356.9901329423107,32442.0,31241.0,31241.0,0.0,complete
no_lane_gate,qgip_no_lane_gate,300,221,0,79,nan,0.5308771900975935,64569.0,58911.0,196.37,495.2131172498571,55681.0,49913.0,49913.0,0.0,complete
legacy_no_query,qgip_no_query,300,221,0,79,nan,0.199940468597185,23510.0,28883.0,96.27666666666667,356.9899675948622,32442.0,31241.0,31241.0,0.0,complete
query_zero,qgip_query_zero,300,221,0,79,nan,0.199940468597185,23510.0,28883.0,96.27666666666667,356.98996820573365,32442.0,31241.0,31241.0,0.0,complete
film_off,qgip_film_off,300,221,0,79,nan,0.199940468597185,23510.0,28883.0,96.27666666666667,356.98997073001703,32442.0,31241.0,31241.0,0.0,complete
edge_off,qgip_edge_off,300,221,0,79,nan,0.20116511459795042,23654.0,29042.0,96.80666666666667,358.2709948605561,32726.0,31509.0,31509.0,0.0,complete
gnn_selector,qgip_gnn_selector,300,221,0,79,nan,0.159433601224646,18747.0,15870.0,52.9,255.66978993592107,13105.0,11962.0,11962.0,0.0,complete
gnn_film_off,qgip_gnn_film_off,300,221,0,79,nan,0.16034358123910364,18854.0,15954.0,53.18,259.28667059731964,13196.0,12039.0,12039.0,0.0,complete
gnn_edge_off,qgip_gnn_edge_off,300,221,0,79,nan,0.15612535612535614,18358.0,15232.0,50.77333333333333,233.03669940741926,12191.0,11057.0,11057.0,0.0,complete
pop_ghost_off,qgip_no_ghost,300,221,0,79,nan,0.199940468597185,23510.0,28883.0,96.27666666666667,356.9901326078814,32442.0,31241.0,31241.0,0.0,complete
hard_recovery_off,qgip_no_hard_recovery,300,221,0,79,nan,0.199940468597185,23510.0,28883.0,96.27666666666667,347.0694425134063,28265.0,27659.0,0.0,27659.0,complete
nis_off,qgip_no_nis,300,221,0,79,nan,0.199940468597185,23510.0,28883.0,96.27666666666667,487.6784492787792,39789.0,38065.0,0.0,0.0,complete
mpc_filter_off,qgip_mpc_filter_off,300,221,0,79,nan,0.199940468597185,23510.0,28883.0,96.27666666666667,356.9901326423968,32442.0,31241.0,31241.0,0.0,complete
