condition,method,n,completion,contact,near_miss,completion_rate,contact_rate,near_miss_rate,mean_min_gap_m,mean_tracking_rmse_m,mean_tracking_p95_error_m,mean_lost_fraction,mean_ghost_fraction,mean_degraded_fraction,mean_safety_stop_fraction
clean,Detector hold + PID,300,300,0,0,1.0,0.0,0.0,0.6683678703344126,0.0,0.0,0.0,0.0,0.0,0.0
clean,NIS-POP + safety filter,300,300,0,0,1.0,0.0,0.0,0.6710490585048261,0.0005089349094061881,0.0012556239407387033,0.0,0.0,0.0,0.0
clean,Std KF + safety filter,300,300,0,0,1.0,0.0,0.0,0.6712978771869508,0.0005096516361929906,0.0012790023193638693,0.0,0.0,0.0,0.0
combined_hard,Detector hold + PID,300,300,0,2,1.0,0.0,0.006666666666666667,0.7210133819096086,0.33414742352521964,0.7393429315400768,0.08027777777777777,0.42906944444444445,0.0,0.0819861111111111
combined_hard,NIS-POP + safety filter,300,300,0,0,1.0,0.0,0.0,0.7948429076655782,0.17734083430908634,0.35132671209464106,0.0815,0.42530555555555555,0.029805555555555554,0.11131944444444444
combined_hard,Std KF + safety filter,300,300,0,1,1.0,0.0,0.0033333333333333335,0.738990401014518,0.222726697722217,0.46661251048236,0.08158333333333333,0.42520833333333335,0.0,0.08197222222222222
dropout_0p5s,Detector hold + PID,300,300,0,0,1.0,0.0,0.0,0.7009303727960727,0.0175058916701177,0.03050053640698048,0.041666666666666664,0.08333333333333333,0.0,0.041666666666666664
dropout_0p5s,NIS-POP + safety filter,300,300,0,0,1.0,0.0,0.0,0.7258663554384351,0.00581079090767945,0.0018741903790521085,0.041666666666666664,0.08333333333333333,0.0,0.041666666666666664
dropout_0p5s,Std KF + safety filter,300,300,0,0,1.0,0.0,0.0,0.7255903056178169,0.005810777178236112,0.0018752417847619127,0.041666666666666664,0.08333333333333333,0.0,0.041666666666666664
dropout_1p0s,Detector hold + PID,300,300,0,0,1.0,0.0,0.0,0.706501246999346,0.06721169978998355,0.1646599760158865,0.08333333333333333,0.16666666666666666,0.0,0.08333333333333333
dropout_1p0s,NIS-POP + safety filter,300,300,0,0,1.0,0.0,0.0,0.726841941076713,0.04252408594023869,0.06527809702274918,0.09166666666666666,0.15833333333333333,0.0,0.09166666666666666
dropout_1p0s,Std KF + safety filter,300,300,0,0,1.0,0.0,0.0,0.72682291037405,0.04244489251290048,0.06514864873282576,0.09166666666666666,0.15833333333333333,0.0,0.09166666666666666
false_negative_50pct,Detector hold + PID,300,300,0,0,1.0,0.0,0.0,0.6810021917333419,0.01170179296719825,0.025523044728977894,0.004347222222222222,0.4976111111111111,0.0,0.004347222222222222
false_negative_50pct,NIS-POP + safety filter,300,300,0,0,1.0,0.0,0.0,0.6900873005148829,0.00325309583634511,0.006612047572082906,0.004361111111111111,0.4988888888888889,0.0,0.004361111111111111
false_negative_50pct,Std KF + safety filter,300,300,0,0,1.0,0.0,0.0,0.6893968420303649,0.003207833259130693,0.006578638560632725,0.004013888888888889,0.49890277777777775,0.0,0.004013888888888889
false_positive_25pct,Detector hold + PID,300,300,0,0,1.0,0.0,0.0,0.6647148996503769,0.24691797019507777,0.6817605994219916,0.0,0.0,0.0,0.0
false_positive_25pct,NIS-POP + safety filter,300,300,0,0,1.0,0.0,0.0,0.6636521992497394,0.07740939367680617,0.17503552287572707,0.0,0.0,0.050638888888888886,0.050638888888888886
false_positive_25pct,Std KF + safety filter,300,300,0,0,1.0,0.0,0.0,0.6435944509661857,0.14847268093257449,0.3673315449398232,0.0,0.0,0.0,0.0
noise_0p15_delay_0p1,Detector hold + PID,300,300,0,0,1.0,0.0,0.0,0.7028530738650678,0.21226870224369196,0.36726606341361445,0.008333333333333333,0.20416666666666666,0.0,0.008694444444444444
noise_0p15_delay_0p1,NIS-POP + safety filter,300,300,0,0,1.0,0.0,0.0,0.6865078647486124,0.1315859426080319,0.22601952270740222,0.008333333333333333,0.20416666666666666,0.00031944444444444446,0.008652777777777778
noise_0p15_delay_0p1,Std KF + safety filter,300,300,0,0,1.0,0.0,0.0,0.6901643526994735,0.13163555599385787,0.22704327536490196,0.008333333333333333,0.20416666666666666,0.0,0.008333333333333333
